#
# TABLE STRUCTURE FOR: communities
#

DROP TABLE IF EXISTS `communities`;

CREATE TABLE `communities` (
  `id` int(10) unsigned NOT NULL AUTO_INCREMENT,
  `name` varchar(150) COLLATE utf8_unicode_ci NOT NULL,
  PRIMARY KEY (`id`),
  UNIQUE KEY `name` (`name`)
) ENGINE=InnoDB AUTO_INCREMENT=5 DEFAULT CHARSET=utf8 COLLATE=utf8_unicode_ci;

INSERT INTO `communities` (`id`, `name`) VALUES (2, 'auto');
INSERT INTO `communities` (`id`, `name`) VALUES (4, 'food');
INSERT INTO `communities` (`id`, `name`) VALUES (3, 'read');
INSERT INTO `communities` (`id`, `name`) VALUES (1, 'travel');


#
# TABLE STRUCTURE FOR: communities_users
#

DROP TABLE IF EXISTS `communities_users`;

CREATE TABLE `communities_users` (
  `community_id` int(10) unsigned NOT NULL,
  `user_id` int(10) unsigned NOT NULL,
  PRIMARY KEY (`community_id`,`user_id`)
) ENGINE=InnoDB DEFAULT CHARSET=utf8 COLLATE=utf8_unicode_ci;

INSERT INTO `communities_users` (`community_id`, `user_id`) VALUES (1, 1);
INSERT INTO `communities_users` (`community_id`, `user_id`) VALUES (1, 5);
INSERT INTO `communities_users` (`community_id`, `user_id`) VALUES (1, 9);
INSERT INTO `communities_users` (`community_id`, `user_id`) VALUES (1, 13);
INSERT INTO `communities_users` (`community_id`, `user_id`) VALUES (1, 17);
INSERT INTO `communities_users` (`community_id`, `user_id`) VALUES (1, 21);
INSERT INTO `communities_users` (`community_id`, `user_id`) VALUES (1, 25);
INSERT INTO `communities_users` (`community_id`, `user_id`) VALUES (1, 29);
INSERT INTO `communities_users` (`community_id`, `user_id`) VALUES (1, 33);
INSERT INTO `communities_users` (`community_id`, `user_id`) VALUES (1, 37);
INSERT INTO `communities_users` (`community_id`, `user_id`) VALUES (1, 41);
INSERT INTO `communities_users` (`community_id`, `user_id`) VALUES (1, 45);
INSERT INTO `communities_users` (`community_id`, `user_id`) VALUES (1, 49);
INSERT INTO `communities_users` (`community_id`, `user_id`) VALUES (1, 53);
INSERT INTO `communities_users` (`community_id`, `user_id`) VALUES (1, 57);
INSERT INTO `communities_users` (`community_id`, `user_id`) VALUES (1, 61);
INSERT INTO `communities_users` (`community_id`, `user_id`) VALUES (1, 65);
INSERT INTO `communities_users` (`community_id`, `user_id`) VALUES (1, 69);
INSERT INTO `communities_users` (`community_id`, `user_id`) VALUES (1, 73);
INSERT INTO `communities_users` (`community_id`, `user_id`) VALUES (1, 77);
INSERT INTO `communities_users` (`community_id`, `user_id`) VALUES (1, 81);
INSERT INTO `communities_users` (`community_id`, `user_id`) VALUES (1, 85);
INSERT INTO `communities_users` (`community_id`, `user_id`) VALUES (1, 89);
INSERT INTO `communities_users` (`community_id`, `user_id`) VALUES (1, 93);
INSERT INTO `communities_users` (`community_id`, `user_id`) VALUES (1, 97);
INSERT INTO `communities_users` (`community_id`, `user_id`) VALUES (2, 2);
INSERT INTO `communities_users` (`community_id`, `user_id`) VALUES (2, 6);
INSERT INTO `communities_users` (`community_id`, `user_id`) VALUES (2, 10);
INSERT INTO `communities_users` (`community_id`, `user_id`) VALUES (2, 14);
INSERT INTO `communities_users` (`community_id`, `user_id`) VALUES (2, 18);
INSERT INTO `communities_users` (`community_id`, `user_id`) VALUES (2, 22);
INSERT INTO `communities_users` (`community_id`, `user_id`) VALUES (2, 26);
INSERT INTO `communities_users` (`community_id`, `user_id`) VALUES (2, 30);
INSERT INTO `communities_users` (`community_id`, `user_id`) VALUES (2, 34);
INSERT INTO `communities_users` (`community_id`, `user_id`) VALUES (2, 38);
INSERT INTO `communities_users` (`community_id`, `user_id`) VALUES (2, 42);
INSERT INTO `communities_users` (`community_id`, `user_id`) VALUES (2, 46);
INSERT INTO `communities_users` (`community_id`, `user_id`) VALUES (2, 50);
INSERT INTO `communities_users` (`community_id`, `user_id`) VALUES (2, 54);
INSERT INTO `communities_users` (`community_id`, `user_id`) VALUES (2, 58);
INSERT INTO `communities_users` (`community_id`, `user_id`) VALUES (2, 62);
INSERT INTO `communities_users` (`community_id`, `user_id`) VALUES (2, 66);
INSERT INTO `communities_users` (`community_id`, `user_id`) VALUES (2, 70);
INSERT INTO `communities_users` (`community_id`, `user_id`) VALUES (2, 74);
INSERT INTO `communities_users` (`community_id`, `user_id`) VALUES (2, 78);
INSERT INTO `communities_users` (`community_id`, `user_id`) VALUES (2, 82);
INSERT INTO `communities_users` (`community_id`, `user_id`) VALUES (2, 86);
INSERT INTO `communities_users` (`community_id`, `user_id`) VALUES (2, 90);
INSERT INTO `communities_users` (`community_id`, `user_id`) VALUES (2, 94);
INSERT INTO `communities_users` (`community_id`, `user_id`) VALUES (2, 98);
INSERT INTO `communities_users` (`community_id`, `user_id`) VALUES (3, 3);
INSERT INTO `communities_users` (`community_id`, `user_id`) VALUES (3, 7);
INSERT INTO `communities_users` (`community_id`, `user_id`) VALUES (3, 11);
INSERT INTO `communities_users` (`community_id`, `user_id`) VALUES (3, 15);
INSERT INTO `communities_users` (`community_id`, `user_id`) VALUES (3, 19);
INSERT INTO `communities_users` (`community_id`, `user_id`) VALUES (3, 23);
INSERT INTO `communities_users` (`community_id`, `user_id`) VALUES (3, 27);
INSERT INTO `communities_users` (`community_id`, `user_id`) VALUES (3, 31);
INSERT INTO `communities_users` (`community_id`, `user_id`) VALUES (3, 35);
INSERT INTO `communities_users` (`community_id`, `user_id`) VALUES (3, 39);
INSERT INTO `communities_users` (`community_id`, `user_id`) VALUES (3, 43);
INSERT INTO `communities_users` (`community_id`, `user_id`) VALUES (3, 47);
INSERT INTO `communities_users` (`community_id`, `user_id`) VALUES (3, 51);
INSERT INTO `communities_users` (`community_id`, `user_id`) VALUES (3, 55);
INSERT INTO `communities_users` (`community_id`, `user_id`) VALUES (3, 59);
INSERT INTO `communities_users` (`community_id`, `user_id`) VALUES (3, 63);
INSERT INTO `communities_users` (`community_id`, `user_id`) VALUES (3, 67);
INSERT INTO `communities_users` (`community_id`, `user_id`) VALUES (3, 71);
INSERT INTO `communities_users` (`community_id`, `user_id`) VALUES (3, 75);
INSERT INTO `communities_users` (`community_id`, `user_id`) VALUES (3, 79);
INSERT INTO `communities_users` (`community_id`, `user_id`) VALUES (3, 83);
INSERT INTO `communities_users` (`community_id`, `user_id`) VALUES (3, 87);
INSERT INTO `communities_users` (`community_id`, `user_id`) VALUES (3, 91);
INSERT INTO `communities_users` (`community_id`, `user_id`) VALUES (3, 95);
INSERT INTO `communities_users` (`community_id`, `user_id`) VALUES (3, 99);
INSERT INTO `communities_users` (`community_id`, `user_id`) VALUES (4, 4);
INSERT INTO `communities_users` (`community_id`, `user_id`) VALUES (4, 8);
INSERT INTO `communities_users` (`community_id`, `user_id`) VALUES (4, 12);
INSERT INTO `communities_users` (`community_id`, `user_id`) VALUES (4, 16);
INSERT INTO `communities_users` (`community_id`, `user_id`) VALUES (4, 20);
INSERT INTO `communities_users` (`community_id`, `user_id`) VALUES (4, 24);
INSERT INTO `communities_users` (`community_id`, `user_id`) VALUES (4, 28);
INSERT INTO `communities_users` (`community_id`, `user_id`) VALUES (4, 32);
INSERT INTO `communities_users` (`community_id`, `user_id`) VALUES (4, 36);
INSERT INTO `communities_users` (`community_id`, `user_id`) VALUES (4, 40);
INSERT INTO `communities_users` (`community_id`, `user_id`) VALUES (4, 44);
INSERT INTO `communities_users` (`community_id`, `user_id`) VALUES (4, 48);
INSERT INTO `communities_users` (`community_id`, `user_id`) VALUES (4, 52);
INSERT INTO `communities_users` (`community_id`, `user_id`) VALUES (4, 56);
INSERT INTO `communities_users` (`community_id`, `user_id`) VALUES (4, 60);
INSERT INTO `communities_users` (`community_id`, `user_id`) VALUES (4, 64);
INSERT INTO `communities_users` (`community_id`, `user_id`) VALUES (4, 68);
INSERT INTO `communities_users` (`community_id`, `user_id`) VALUES (4, 72);
INSERT INTO `communities_users` (`community_id`, `user_id`) VALUES (4, 76);
INSERT INTO `communities_users` (`community_id`, `user_id`) VALUES (4, 80);
INSERT INTO `communities_users` (`community_id`, `user_id`) VALUES (4, 84);
INSERT INTO `communities_users` (`community_id`, `user_id`) VALUES (4, 88);
INSERT INTO `communities_users` (`community_id`, `user_id`) VALUES (4, 92);
INSERT INTO `communities_users` (`community_id`, `user_id`) VALUES (4, 96);
INSERT INTO `communities_users` (`community_id`, `user_id`) VALUES (4, 100);


#
# TABLE STRUCTURE FOR: friendship
#

DROP TABLE IF EXISTS `friendship`;

CREATE TABLE `friendship` (
  `user_id` int(10) unsigned NOT NULL,
  `friend_id` int(10) unsigned NOT NULL,
  `status_id` int(10) unsigned NOT NULL,
  `requested_at` datetime DEFAULT current_timestamp(),
  `confirmed_at` datetime DEFAULT NULL,
  PRIMARY KEY (`user_id`,`friend_id`)
) ENGINE=InnoDB DEFAULT CHARSET=utf8 COLLATE=utf8_unicode_ci;

INSERT INTO `friendship` (`user_id`, `friend_id`, `status_id`, `requested_at`, `confirmed_at`) VALUES (1, 1, 1, '2004-04-06 12:10:55', '1974-04-04 10:36:28');
INSERT INTO `friendship` (`user_id`, `friend_id`, `status_id`, `requested_at`, `confirmed_at`) VALUES (2, 2, 2, '1982-11-24 14:53:56', '1979-11-11 19:30:05');
INSERT INTO `friendship` (`user_id`, `friend_id`, `status_id`, `requested_at`, `confirmed_at`) VALUES (3, 3, 1, '2001-06-27 21:40:28', '1986-11-14 00:50:24');
INSERT INTO `friendship` (`user_id`, `friend_id`, `status_id`, `requested_at`, `confirmed_at`) VALUES (4, 4, 2, '2012-03-19 04:43:06', '1990-05-31 16:17:13');
INSERT INTO `friendship` (`user_id`, `friend_id`, `status_id`, `requested_at`, `confirmed_at`) VALUES (5, 5, 1, '2002-03-21 05:16:00', '2012-02-27 14:41:33');
INSERT INTO `friendship` (`user_id`, `friend_id`, `status_id`, `requested_at`, `confirmed_at`) VALUES (6, 6, 2, '1972-12-08 05:32:09', '1974-02-17 15:47:57');
INSERT INTO `friendship` (`user_id`, `friend_id`, `status_id`, `requested_at`, `confirmed_at`) VALUES (7, 7, 1, '1975-10-23 15:06:33', '2001-09-19 23:35:27');
INSERT INTO `friendship` (`user_id`, `friend_id`, `status_id`, `requested_at`, `confirmed_at`) VALUES (8, 8, 2, '1982-09-26 22:07:18', '1980-04-30 02:40:27');
INSERT INTO `friendship` (`user_id`, `friend_id`, `status_id`, `requested_at`, `confirmed_at`) VALUES (9, 9, 1, '2009-05-26 04:12:40', '2010-12-27 16:49:27');
INSERT INTO `friendship` (`user_id`, `friend_id`, `status_id`, `requested_at`, `confirmed_at`) VALUES (10, 10, 2, '1999-12-20 10:05:39', '2012-06-25 10:48:35');
INSERT INTO `friendship` (`user_id`, `friend_id`, `status_id`, `requested_at`, `confirmed_at`) VALUES (11, 11, 1, '1982-07-21 22:22:40', '1997-12-12 11:51:28');
INSERT INTO `friendship` (`user_id`, `friend_id`, `status_id`, `requested_at`, `confirmed_at`) VALUES (12, 12, 2, '2002-10-15 04:09:22', '1979-09-22 10:44:42');
INSERT INTO `friendship` (`user_id`, `friend_id`, `status_id`, `requested_at`, `confirmed_at`) VALUES (13, 13, 1, '1987-04-03 03:32:01', '2011-12-26 10:21:10');
INSERT INTO `friendship` (`user_id`, `friend_id`, `status_id`, `requested_at`, `confirmed_at`) VALUES (14, 14, 2, '1970-09-11 00:20:57', '1980-06-14 02:19:39');
INSERT INTO `friendship` (`user_id`, `friend_id`, `status_id`, `requested_at`, `confirmed_at`) VALUES (15, 15, 1, '2002-05-19 06:37:01', '2012-11-15 09:28:15');
INSERT INTO `friendship` (`user_id`, `friend_id`, `status_id`, `requested_at`, `confirmed_at`) VALUES (16, 16, 2, '1975-04-03 18:23:19', '1985-10-25 00:05:39');
INSERT INTO `friendship` (`user_id`, `friend_id`, `status_id`, `requested_at`, `confirmed_at`) VALUES (17, 17, 1, '1992-12-04 13:59:53', '1995-11-15 23:42:51');
INSERT INTO `friendship` (`user_id`, `friend_id`, `status_id`, `requested_at`, `confirmed_at`) VALUES (18, 18, 2, '1970-10-19 18:14:30', '1983-12-18 11:05:07');
INSERT INTO `friendship` (`user_id`, `friend_id`, `status_id`, `requested_at`, `confirmed_at`) VALUES (19, 19, 1, '1976-07-17 12:31:38', '2004-06-05 14:25:09');
INSERT INTO `friendship` (`user_id`, `friend_id`, `status_id`, `requested_at`, `confirmed_at`) VALUES (20, 20, 2, '2009-08-14 05:09:17', '1991-09-22 21:37:39');
INSERT INTO `friendship` (`user_id`, `friend_id`, `status_id`, `requested_at`, `confirmed_at`) VALUES (21, 21, 1, '1972-09-10 15:40:05', '2005-07-16 16:21:15');
INSERT INTO `friendship` (`user_id`, `friend_id`, `status_id`, `requested_at`, `confirmed_at`) VALUES (22, 22, 2, '1972-11-05 04:26:51', '1991-05-11 23:49:24');
INSERT INTO `friendship` (`user_id`, `friend_id`, `status_id`, `requested_at`, `confirmed_at`) VALUES (23, 23, 1, '1986-04-09 08:37:53', '2008-06-18 20:05:51');
INSERT INTO `friendship` (`user_id`, `friend_id`, `status_id`, `requested_at`, `confirmed_at`) VALUES (24, 24, 2, '1988-05-14 07:39:40', '1970-09-12 12:32:01');
INSERT INTO `friendship` (`user_id`, `friend_id`, `status_id`, `requested_at`, `confirmed_at`) VALUES (25, 25, 1, '2008-01-03 15:24:05', '1978-05-24 22:51:48');
INSERT INTO `friendship` (`user_id`, `friend_id`, `status_id`, `requested_at`, `confirmed_at`) VALUES (26, 26, 2, '2012-03-12 08:23:22', '2016-08-29 19:52:47');
INSERT INTO `friendship` (`user_id`, `friend_id`, `status_id`, `requested_at`, `confirmed_at`) VALUES (27, 27, 1, '1995-10-09 18:58:08', '2003-06-22 08:01:38');
INSERT INTO `friendship` (`user_id`, `friend_id`, `status_id`, `requested_at`, `confirmed_at`) VALUES (28, 28, 2, '1973-01-24 16:37:45', '1998-12-01 05:25:57');
INSERT INTO `friendship` (`user_id`, `friend_id`, `status_id`, `requested_at`, `confirmed_at`) VALUES (29, 29, 1, '1975-08-02 10:22:42', '1992-05-12 06:32:36');
INSERT INTO `friendship` (`user_id`, `friend_id`, `status_id`, `requested_at`, `confirmed_at`) VALUES (30, 30, 2, '2013-07-26 10:31:15', '1990-11-10 12:28:23');
INSERT INTO `friendship` (`user_id`, `friend_id`, `status_id`, `requested_at`, `confirmed_at`) VALUES (31, 31, 1, '1971-02-13 01:11:47', '2019-01-17 19:03:06');
INSERT INTO `friendship` (`user_id`, `friend_id`, `status_id`, `requested_at`, `confirmed_at`) VALUES (32, 32, 2, '1971-12-30 19:38:49', '1978-12-30 19:54:37');
INSERT INTO `friendship` (`user_id`, `friend_id`, `status_id`, `requested_at`, `confirmed_at`) VALUES (33, 33, 1, '1979-10-10 16:13:03', '1988-10-05 13:22:20');
INSERT INTO `friendship` (`user_id`, `friend_id`, `status_id`, `requested_at`, `confirmed_at`) VALUES (34, 34, 2, '1992-02-29 00:09:50', '2019-04-24 14:39:27');
INSERT INTO `friendship` (`user_id`, `friend_id`, `status_id`, `requested_at`, `confirmed_at`) VALUES (35, 35, 1, '2015-06-02 01:19:10', '1972-05-05 21:13:33');
INSERT INTO `friendship` (`user_id`, `friend_id`, `status_id`, `requested_at`, `confirmed_at`) VALUES (36, 36, 2, '2018-02-01 04:58:53', '1994-05-08 04:29:14');
INSERT INTO `friendship` (`user_id`, `friend_id`, `status_id`, `requested_at`, `confirmed_at`) VALUES (37, 37, 1, '2005-10-07 10:54:34', '1995-09-29 09:35:46');
INSERT INTO `friendship` (`user_id`, `friend_id`, `status_id`, `requested_at`, `confirmed_at`) VALUES (38, 38, 2, '2012-11-29 00:27:08', '1971-08-17 07:24:42');
INSERT INTO `friendship` (`user_id`, `friend_id`, `status_id`, `requested_at`, `confirmed_at`) VALUES (39, 39, 1, '1989-03-21 17:01:44', '1993-12-16 09:23:04');
INSERT INTO `friendship` (`user_id`, `friend_id`, `status_id`, `requested_at`, `confirmed_at`) VALUES (40, 40, 2, '2003-01-15 14:18:58', '1975-04-24 17:53:24');
INSERT INTO `friendship` (`user_id`, `friend_id`, `status_id`, `requested_at`, `confirmed_at`) VALUES (41, 41, 1, '1973-06-24 15:23:44', '1979-04-01 10:41:23');
INSERT INTO `friendship` (`user_id`, `friend_id`, `status_id`, `requested_at`, `confirmed_at`) VALUES (42, 42, 2, '1997-12-10 19:36:57', '1972-12-03 12:17:36');
INSERT INTO `friendship` (`user_id`, `friend_id`, `status_id`, `requested_at`, `confirmed_at`) VALUES (43, 43, 1, '1989-10-19 20:55:49', '2003-10-14 03:14:19');
INSERT INTO `friendship` (`user_id`, `friend_id`, `status_id`, `requested_at`, `confirmed_at`) VALUES (44, 44, 2, '2003-06-04 02:20:09', '1997-10-09 02:07:35');
INSERT INTO `friendship` (`user_id`, `friend_id`, `status_id`, `requested_at`, `confirmed_at`) VALUES (45, 45, 1, '1990-03-24 03:19:12', '2013-07-23 03:22:50');
INSERT INTO `friendship` (`user_id`, `friend_id`, `status_id`, `requested_at`, `confirmed_at`) VALUES (46, 46, 2, '1991-05-12 18:15:14', '1970-07-12 00:02:51');
INSERT INTO `friendship` (`user_id`, `friend_id`, `status_id`, `requested_at`, `confirmed_at`) VALUES (47, 47, 1, '1974-02-13 21:37:39', '2001-07-05 20:25:55');
INSERT INTO `friendship` (`user_id`, `friend_id`, `status_id`, `requested_at`, `confirmed_at`) VALUES (48, 48, 2, '2000-11-02 16:32:40', '1983-09-16 10:48:01');
INSERT INTO `friendship` (`user_id`, `friend_id`, `status_id`, `requested_at`, `confirmed_at`) VALUES (49, 49, 1, '2014-12-29 16:40:18', '1985-05-24 15:58:11');
INSERT INTO `friendship` (`user_id`, `friend_id`, `status_id`, `requested_at`, `confirmed_at`) VALUES (50, 50, 2, '2011-02-20 02:43:34', '1990-04-29 10:13:04');
INSERT INTO `friendship` (`user_id`, `friend_id`, `status_id`, `requested_at`, `confirmed_at`) VALUES (51, 51, 1, '2013-05-25 12:55:04', '1997-06-16 10:08:32');
INSERT INTO `friendship` (`user_id`, `friend_id`, `status_id`, `requested_at`, `confirmed_at`) VALUES (52, 52, 2, '2011-06-26 06:10:19', '1996-12-13 21:03:46');
INSERT INTO `friendship` (`user_id`, `friend_id`, `status_id`, `requested_at`, `confirmed_at`) VALUES (53, 53, 1, '2000-09-25 09:50:13', '1994-02-26 16:34:53');
INSERT INTO `friendship` (`user_id`, `friend_id`, `status_id`, `requested_at`, `confirmed_at`) VALUES (54, 54, 2, '2002-11-20 16:15:50', '1980-07-09 11:40:53');
INSERT INTO `friendship` (`user_id`, `friend_id`, `status_id`, `requested_at`, `confirmed_at`) VALUES (55, 55, 1, '1994-09-08 10:54:19', '1991-02-09 23:02:42');
INSERT INTO `friendship` (`user_id`, `friend_id`, `status_id`, `requested_at`, `confirmed_at`) VALUES (56, 56, 2, '1980-12-02 04:19:54', '2008-01-02 08:50:17');
INSERT INTO `friendship` (`user_id`, `friend_id`, `status_id`, `requested_at`, `confirmed_at`) VALUES (57, 57, 1, '1993-08-05 16:23:45', '1991-04-04 09:03:00');
INSERT INTO `friendship` (`user_id`, `friend_id`, `status_id`, `requested_at`, `confirmed_at`) VALUES (58, 58, 2, '1997-03-13 08:39:20', '1972-01-01 19:25:58');
INSERT INTO `friendship` (`user_id`, `friend_id`, `status_id`, `requested_at`, `confirmed_at`) VALUES (59, 59, 1, '2012-12-12 21:41:27', '1987-05-02 21:38:58');
INSERT INTO `friendship` (`user_id`, `friend_id`, `status_id`, `requested_at`, `confirmed_at`) VALUES (60, 60, 2, '1986-04-16 03:06:29', '1998-12-08 22:16:46');
INSERT INTO `friendship` (`user_id`, `friend_id`, `status_id`, `requested_at`, `confirmed_at`) VALUES (61, 61, 1, '2014-12-09 10:07:17', '1973-02-09 17:47:52');
INSERT INTO `friendship` (`user_id`, `friend_id`, `status_id`, `requested_at`, `confirmed_at`) VALUES (62, 62, 2, '1970-09-29 04:53:05', '1970-11-01 19:20:30');
INSERT INTO `friendship` (`user_id`, `friend_id`, `status_id`, `requested_at`, `confirmed_at`) VALUES (63, 63, 1, '2009-01-05 14:16:47', '1986-11-20 22:01:29');
INSERT INTO `friendship` (`user_id`, `friend_id`, `status_id`, `requested_at`, `confirmed_at`) VALUES (64, 64, 2, '2000-07-09 04:27:19', '1993-05-01 04:33:17');
INSERT INTO `friendship` (`user_id`, `friend_id`, `status_id`, `requested_at`, `confirmed_at`) VALUES (65, 65, 1, '1992-04-29 22:51:43', '1992-09-03 19:22:27');
INSERT INTO `friendship` (`user_id`, `friend_id`, `status_id`, `requested_at`, `confirmed_at`) VALUES (66, 66, 2, '2006-02-12 15:19:20', '1998-09-11 06:12:29');
INSERT INTO `friendship` (`user_id`, `friend_id`, `status_id`, `requested_at`, `confirmed_at`) VALUES (67, 67, 1, '2018-10-11 11:14:02', '1983-12-07 06:48:25');
INSERT INTO `friendship` (`user_id`, `friend_id`, `status_id`, `requested_at`, `confirmed_at`) VALUES (68, 68, 2, '1997-09-05 05:42:03', '1971-12-11 04:24:35');
INSERT INTO `friendship` (`user_id`, `friend_id`, `status_id`, `requested_at`, `confirmed_at`) VALUES (69, 69, 1, '2007-02-12 01:54:48', '2012-03-22 06:22:19');
INSERT INTO `friendship` (`user_id`, `friend_id`, `status_id`, `requested_at`, `confirmed_at`) VALUES (70, 70, 2, '1998-09-19 07:48:31', '1975-08-13 05:45:21');
INSERT INTO `friendship` (`user_id`, `friend_id`, `status_id`, `requested_at`, `confirmed_at`) VALUES (71, 71, 1, '2007-05-27 17:21:22', '2011-10-06 20:03:50');
INSERT INTO `friendship` (`user_id`, `friend_id`, `status_id`, `requested_at`, `confirmed_at`) VALUES (72, 72, 2, '1980-12-13 01:05:36', '1984-06-30 22:09:11');
INSERT INTO `friendship` (`user_id`, `friend_id`, `status_id`, `requested_at`, `confirmed_at`) VALUES (73, 73, 1, '1972-05-10 06:14:29', '2014-12-12 17:24:55');
INSERT INTO `friendship` (`user_id`, `friend_id`, `status_id`, `requested_at`, `confirmed_at`) VALUES (74, 74, 2, '2017-05-31 20:11:00', '2019-04-07 21:37:14');
INSERT INTO `friendship` (`user_id`, `friend_id`, `status_id`, `requested_at`, `confirmed_at`) VALUES (75, 75, 1, '2014-01-18 08:41:30', '1994-10-01 09:02:00');
INSERT INTO `friendship` (`user_id`, `friend_id`, `status_id`, `requested_at`, `confirmed_at`) VALUES (76, 76, 2, '2007-07-04 07:43:27', '2009-12-14 20:21:30');
INSERT INTO `friendship` (`user_id`, `friend_id`, `status_id`, `requested_at`, `confirmed_at`) VALUES (77, 77, 1, '2004-05-11 17:27:27', '1978-08-19 02:28:18');
INSERT INTO `friendship` (`user_id`, `friend_id`, `status_id`, `requested_at`, `confirmed_at`) VALUES (78, 78, 2, '1986-03-09 01:02:15', '1989-01-10 23:53:34');
INSERT INTO `friendship` (`user_id`, `friend_id`, `status_id`, `requested_at`, `confirmed_at`) VALUES (79, 79, 1, '1993-08-07 10:59:39', '1984-04-11 17:39:11');
INSERT INTO `friendship` (`user_id`, `friend_id`, `status_id`, `requested_at`, `confirmed_at`) VALUES (80, 80, 2, '1993-12-21 09:39:35', '2002-12-14 23:38:09');
INSERT INTO `friendship` (`user_id`, `friend_id`, `status_id`, `requested_at`, `confirmed_at`) VALUES (81, 81, 1, '2005-03-19 18:04:49', '2019-03-15 10:34:20');
INSERT INTO `friendship` (`user_id`, `friend_id`, `status_id`, `requested_at`, `confirmed_at`) VALUES (82, 82, 2, '1970-12-06 02:27:34', '1987-01-25 21:28:49');
INSERT INTO `friendship` (`user_id`, `friend_id`, `status_id`, `requested_at`, `confirmed_at`) VALUES (83, 83, 1, '1997-10-26 07:57:33', '1982-03-31 21:34:54');
INSERT INTO `friendship` (`user_id`, `friend_id`, `status_id`, `requested_at`, `confirmed_at`) VALUES (84, 84, 2, '1993-10-20 01:15:10', '2004-03-10 03:23:24');
INSERT INTO `friendship` (`user_id`, `friend_id`, `status_id`, `requested_at`, `confirmed_at`) VALUES (85, 85, 1, '1996-07-02 03:27:37', '1971-03-02 13:15:33');
INSERT INTO `friendship` (`user_id`, `friend_id`, `status_id`, `requested_at`, `confirmed_at`) VALUES (86, 86, 2, '2001-02-09 01:34:41', '1981-12-23 14:23:08');
INSERT INTO `friendship` (`user_id`, `friend_id`, `status_id`, `requested_at`, `confirmed_at`) VALUES (87, 87, 1, '1990-08-24 09:31:01', '2002-04-22 01:54:25');
INSERT INTO `friendship` (`user_id`, `friend_id`, `status_id`, `requested_at`, `confirmed_at`) VALUES (88, 88, 2, '1985-04-12 16:07:24', '2008-04-29 14:31:58');
INSERT INTO `friendship` (`user_id`, `friend_id`, `status_id`, `requested_at`, `confirmed_at`) VALUES (89, 89, 1, '1997-06-11 07:58:45', '2018-08-19 14:32:30');
INSERT INTO `friendship` (`user_id`, `friend_id`, `status_id`, `requested_at`, `confirmed_at`) VALUES (90, 90, 2, '2015-03-02 12:23:47', '1991-10-01 01:31:28');
INSERT INTO `friendship` (`user_id`, `friend_id`, `status_id`, `requested_at`, `confirmed_at`) VALUES (91, 91, 1, '2016-12-02 23:30:37', '2008-09-20 21:17:29');
INSERT INTO `friendship` (`user_id`, `friend_id`, `status_id`, `requested_at`, `confirmed_at`) VALUES (92, 92, 2, '2016-03-11 21:40:15', '2018-07-19 12:34:41');
INSERT INTO `friendship` (`user_id`, `friend_id`, `status_id`, `requested_at`, `confirmed_at`) VALUES (93, 93, 1, '2002-03-06 13:45:28', '2010-08-19 10:00:38');
INSERT INTO `friendship` (`user_id`, `friend_id`, `status_id`, `requested_at`, `confirmed_at`) VALUES (94, 94, 2, '1986-06-30 12:05:44', '1975-09-02 12:06:08');
INSERT INTO `friendship` (`user_id`, `friend_id`, `status_id`, `requested_at`, `confirmed_at`) VALUES (95, 95, 1, '1998-07-21 00:40:12', '1970-05-27 08:04:57');
INSERT INTO `friendship` (`user_id`, `friend_id`, `status_id`, `requested_at`, `confirmed_at`) VALUES (96, 96, 2, '1988-12-27 03:15:31', '2013-08-31 08:39:45');
INSERT INTO `friendship` (`user_id`, `friend_id`, `status_id`, `requested_at`, `confirmed_at`) VALUES (97, 97, 1, '1984-03-21 10:30:51', '2011-03-21 12:55:38');
INSERT INTO `friendship` (`user_id`, `friend_id`, `status_id`, `requested_at`, `confirmed_at`) VALUES (98, 98, 2, '1986-01-25 10:30:43', '1987-02-06 19:36:11');
INSERT INTO `friendship` (`user_id`, `friend_id`, `status_id`, `requested_at`, `confirmed_at`) VALUES (99, 99, 1, '1996-07-06 12:48:38', '1996-02-27 05:47:51');
INSERT INTO `friendship` (`user_id`, `friend_id`, `status_id`, `requested_at`, `confirmed_at`) VALUES (100, 100, 2, '2006-02-28 05:04:53', '1970-09-13 12:05:33');


#
# TABLE STRUCTURE FOR: friendship_statuses
#

DROP TABLE IF EXISTS `friendship_statuses`;

CREATE TABLE `friendship_statuses` (
  `id` int(10) unsigned NOT NULL AUTO_INCREMENT,
  `name` varchar(150) COLLATE utf8_unicode_ci NOT NULL,
  PRIMARY KEY (`id`),
  UNIQUE KEY `name` (`name`)
) ENGINE=InnoDB AUTO_INCREMENT=3 DEFAULT CHARSET=utf8 COLLATE=utf8_unicode_ci;

INSERT INTO `friendship_statuses` (`id`, `name`) VALUES (2, 'frends');
INSERT INTO `friendship_statuses` (`id`, `name`) VALUES (1, 'no frends');


#
# TABLE STRUCTURE FOR: likes
#

DROP TABLE IF EXISTS `likes`;

CREATE TABLE `likes` (
  `id` int(10) unsigned NOT NULL AUTO_INCREMENT,
  `user_id` int(10) unsigned NOT NULL,
  `like_user` int(10) unsigned NOT NULL,
  `like_type` int(10) unsigned NOT NULL,
  `like_set` tinyint(1) NOT NULL,
  `created_at` datetime DEFAULT current_timestamp(),
  `updated_at` datetime DEFAULT current_timestamp() ON UPDATE current_timestamp(),
  PRIMARY KEY (`id`)
) ENGINE=InnoDB AUTO_INCREMENT=51 DEFAULT CHARSET=utf8 COLLATE=utf8_unicode_ci;

INSERT INTO `likes` (`id`, `user_id`, `like_user`, `like_type`, `like_set`, `created_at`, `updated_at`) VALUES (1, 1, 1, 1, 0, '1975-01-03 23:23:29', '2002-04-05 20:18:48');
INSERT INTO `likes` (`id`, `user_id`, `like_user`, `like_type`, `like_set`, `created_at`, `updated_at`) VALUES (2, 2, 2, 2, 1, '2017-12-23 12:40:18', '1993-01-20 08:46:54');
INSERT INTO `likes` (`id`, `user_id`, `like_user`, `like_type`, `like_set`, `created_at`, `updated_at`) VALUES (3, 3, 3, 3, 0, '2018-11-29 07:49:33', '2004-01-09 16:57:50');
INSERT INTO `likes` (`id`, `user_id`, `like_user`, `like_type`, `like_set`, `created_at`, `updated_at`) VALUES (4, 4, 4, 1, 1, '2002-11-22 02:00:08', '1993-01-31 23:33:55');
INSERT INTO `likes` (`id`, `user_id`, `like_user`, `like_type`, `like_set`, `created_at`, `updated_at`) VALUES (5, 5, 5, 2, 0, '2007-07-08 15:29:14', '2003-03-08 20:21:31');
INSERT INTO `likes` (`id`, `user_id`, `like_user`, `like_type`, `like_set`, `created_at`, `updated_at`) VALUES (6, 6, 6, 3, 0, '1996-11-18 15:11:45', '1990-01-05 12:04:01');
INSERT INTO `likes` (`id`, `user_id`, `like_user`, `like_type`, `like_set`, `created_at`, `updated_at`) VALUES (7, 7, 7, 1, 0, '1998-05-19 22:05:25', '1971-08-14 05:42:01');
INSERT INTO `likes` (`id`, `user_id`, `like_user`, `like_type`, `like_set`, `created_at`, `updated_at`) VALUES (8, 8, 8, 2, 0, '1997-12-01 03:59:39', '1974-10-15 09:24:04');
INSERT INTO `likes` (`id`, `user_id`, `like_user`, `like_type`, `like_set`, `created_at`, `updated_at`) VALUES (9, 9, 9, 3, 1, '2010-11-20 01:11:16', '1972-10-09 13:56:27');
INSERT INTO `likes` (`id`, `user_id`, `like_user`, `like_type`, `like_set`, `created_at`, `updated_at`) VALUES (10, 10, 10, 1, 0, '1977-11-29 16:24:12', '2001-11-06 02:05:53');
INSERT INTO `likes` (`id`, `user_id`, `like_user`, `like_type`, `like_set`, `created_at`, `updated_at`) VALUES (11, 11, 11, 2, 1, '1971-10-12 12:20:40', '1977-12-17 08:42:48');
INSERT INTO `likes` (`id`, `user_id`, `like_user`, `like_type`, `like_set`, `created_at`, `updated_at`) VALUES (12, 12, 12, 3, 0, '2004-07-27 11:10:20', '1997-10-01 16:59:06');
INSERT INTO `likes` (`id`, `user_id`, `like_user`, `like_type`, `like_set`, `created_at`, `updated_at`) VALUES (13, 13, 13, 1, 0, '1997-01-18 03:20:08', '2009-04-27 01:45:09');
INSERT INTO `likes` (`id`, `user_id`, `like_user`, `like_type`, `like_set`, `created_at`, `updated_at`) VALUES (14, 14, 14, 2, 1, '1977-08-24 02:22:57', '2001-09-01 20:36:51');
INSERT INTO `likes` (`id`, `user_id`, `like_user`, `like_type`, `like_set`, `created_at`, `updated_at`) VALUES (15, 15, 15, 3, 0, '2018-11-30 11:02:28', '1982-07-31 01:11:18');
INSERT INTO `likes` (`id`, `user_id`, `like_user`, `like_type`, `like_set`, `created_at`, `updated_at`) VALUES (16, 16, 16, 1, 0, '1993-08-30 06:42:32', '1977-06-03 18:21:47');
INSERT INTO `likes` (`id`, `user_id`, `like_user`, `like_type`, `like_set`, `created_at`, `updated_at`) VALUES (17, 17, 17, 2, 0, '2009-02-01 02:46:25', '1971-03-20 09:47:34');
INSERT INTO `likes` (`id`, `user_id`, `like_user`, `like_type`, `like_set`, `created_at`, `updated_at`) VALUES (18, 18, 18, 3, 1, '1974-06-12 08:59:28', '2013-09-10 23:56:28');
INSERT INTO `likes` (`id`, `user_id`, `like_user`, `like_type`, `like_set`, `created_at`, `updated_at`) VALUES (19, 19, 19, 1, 0, '1971-12-24 04:31:38', '2008-02-19 15:13:54');
INSERT INTO `likes` (`id`, `user_id`, `like_user`, `like_type`, `like_set`, `created_at`, `updated_at`) VALUES (20, 20, 20, 2, 1, '1994-12-31 17:17:45', '2011-06-01 04:33:58');
INSERT INTO `likes` (`id`, `user_id`, `like_user`, `like_type`, `like_set`, `created_at`, `updated_at`) VALUES (21, 21, 21, 3, 1, '1989-11-16 04:56:29', '2017-08-07 13:33:32');
INSERT INTO `likes` (`id`, `user_id`, `like_user`, `like_type`, `like_set`, `created_at`, `updated_at`) VALUES (22, 22, 22, 1, 0, '1983-01-21 10:13:16', '2004-02-19 21:47:13');
INSERT INTO `likes` (`id`, `user_id`, `like_user`, `like_type`, `like_set`, `created_at`, `updated_at`) VALUES (23, 23, 23, 2, 0, '1975-02-01 00:16:01', '1997-07-30 19:20:29');
INSERT INTO `likes` (`id`, `user_id`, `like_user`, `like_type`, `like_set`, `created_at`, `updated_at`) VALUES (24, 24, 24, 3, 1, '2008-03-21 19:55:19', '1980-06-01 12:14:34');
INSERT INTO `likes` (`id`, `user_id`, `like_user`, `like_type`, `like_set`, `created_at`, `updated_at`) VALUES (25, 25, 25, 1, 1, '1993-01-29 15:22:43', '1971-03-23 17:24:46');
INSERT INTO `likes` (`id`, `user_id`, `like_user`, `like_type`, `like_set`, `created_at`, `updated_at`) VALUES (26, 26, 26, 2, 0, '2001-12-08 20:51:54', '1994-12-03 02:00:27');
INSERT INTO `likes` (`id`, `user_id`, `like_user`, `like_type`, `like_set`, `created_at`, `updated_at`) VALUES (27, 27, 27, 3, 1, '1998-11-26 03:02:34', '1995-12-18 08:21:11');
INSERT INTO `likes` (`id`, `user_id`, `like_user`, `like_type`, `like_set`, `created_at`, `updated_at`) VALUES (28, 28, 28, 1, 0, '1998-11-26 21:12:24', '2005-01-31 22:04:30');
INSERT INTO `likes` (`id`, `user_id`, `like_user`, `like_type`, `like_set`, `created_at`, `updated_at`) VALUES (29, 29, 29, 2, 1, '2011-01-30 03:33:54', '1980-05-24 13:01:25');
INSERT INTO `likes` (`id`, `user_id`, `like_user`, `like_type`, `like_set`, `created_at`, `updated_at`) VALUES (30, 30, 30, 3, 0, '2016-06-29 01:15:56', '1972-10-24 05:46:20');
INSERT INTO `likes` (`id`, `user_id`, `like_user`, `like_type`, `like_set`, `created_at`, `updated_at`) VALUES (31, 31, 31, 1, 0, '1973-11-05 03:31:34', '1991-01-25 11:22:09');
INSERT INTO `likes` (`id`, `user_id`, `like_user`, `like_type`, `like_set`, `created_at`, `updated_at`) VALUES (32, 32, 32, 2, 1, '2016-10-04 11:18:16', '1998-03-29 01:54:14');
INSERT INTO `likes` (`id`, `user_id`, `like_user`, `like_type`, `like_set`, `created_at`, `updated_at`) VALUES (33, 33, 33, 3, 0, '2013-08-12 22:25:08', '1975-12-03 02:40:30');
INSERT INTO `likes` (`id`, `user_id`, `like_user`, `like_type`, `like_set`, `created_at`, `updated_at`) VALUES (34, 34, 34, 1, 0, '1987-05-30 09:13:26', '1995-10-09 12:11:37');
INSERT INTO `likes` (`id`, `user_id`, `like_user`, `like_type`, `like_set`, `created_at`, `updated_at`) VALUES (35, 35, 35, 2, 0, '1973-12-23 21:40:55', '2011-05-02 13:11:39');
INSERT INTO `likes` (`id`, `user_id`, `like_user`, `like_type`, `like_set`, `created_at`, `updated_at`) VALUES (36, 36, 36, 3, 1, '1996-01-03 14:59:33', '2004-06-01 18:42:10');
INSERT INTO `likes` (`id`, `user_id`, `like_user`, `like_type`, `like_set`, `created_at`, `updated_at`) VALUES (37, 37, 37, 1, 1, '1978-07-20 02:08:05', '1974-09-01 04:50:43');
INSERT INTO `likes` (`id`, `user_id`, `like_user`, `like_type`, `like_set`, `created_at`, `updated_at`) VALUES (38, 38, 38, 2, 0, '2014-06-11 11:52:05', '1986-11-27 17:06:54');
INSERT INTO `likes` (`id`, `user_id`, `like_user`, `like_type`, `like_set`, `created_at`, `updated_at`) VALUES (39, 39, 39, 3, 1, '2006-12-02 08:15:53', '1984-11-04 07:37:47');
INSERT INTO `likes` (`id`, `user_id`, `like_user`, `like_type`, `like_set`, `created_at`, `updated_at`) VALUES (40, 40, 40, 1, 0, '2019-05-09 20:35:45', '1981-02-26 02:33:16');
INSERT INTO `likes` (`id`, `user_id`, `like_user`, `like_type`, `like_set`, `created_at`, `updated_at`) VALUES (41, 41, 41, 2, 0, '1995-02-05 15:30:50', '1982-03-24 21:53:31');
INSERT INTO `likes` (`id`, `user_id`, `like_user`, `like_type`, `like_set`, `created_at`, `updated_at`) VALUES (42, 42, 42, 3, 0, '1991-01-18 08:14:51', '1992-04-13 10:25:30');
INSERT INTO `likes` (`id`, `user_id`, `like_user`, `like_type`, `like_set`, `created_at`, `updated_at`) VALUES (43, 43, 43, 1, 0, '2008-12-24 01:16:53', '1976-05-21 04:28:33');
INSERT INTO `likes` (`id`, `user_id`, `like_user`, `like_type`, `like_set`, `created_at`, `updated_at`) VALUES (44, 44, 44, 2, 0, '1974-06-03 16:48:34', '2016-01-15 07:57:54');
INSERT INTO `likes` (`id`, `user_id`, `like_user`, `like_type`, `like_set`, `created_at`, `updated_at`) VALUES (45, 45, 45, 3, 0, '1976-09-10 20:34:49', '1990-06-03 21:18:36');
INSERT INTO `likes` (`id`, `user_id`, `like_user`, `like_type`, `like_set`, `created_at`, `updated_at`) VALUES (46, 46, 46, 1, 0, '1994-12-30 01:47:50', '1990-02-02 11:39:53');
INSERT INTO `likes` (`id`, `user_id`, `like_user`, `like_type`, `like_set`, `created_at`, `updated_at`) VALUES (47, 47, 47, 2, 1, '2013-01-11 09:22:25', '1992-11-14 06:49:29');
INSERT INTO `likes` (`id`, `user_id`, `like_user`, `like_type`, `like_set`, `created_at`, `updated_at`) VALUES (48, 48, 48, 3, 1, '1995-08-31 03:05:52', '2018-09-05 06:24:43');
INSERT INTO `likes` (`id`, `user_id`, `like_user`, `like_type`, `like_set`, `created_at`, `updated_at`) VALUES (49, 49, 49, 1, 0, '1994-10-15 02:02:03', '2017-06-27 04:40:25');
INSERT INTO `likes` (`id`, `user_id`, `like_user`, `like_type`, `like_set`, `created_at`, `updated_at`) VALUES (50, 50, 50, 2, 1, '2007-06-25 06:38:20', '1970-07-20 12:22:08');


#
# TABLE STRUCTURE FOR: likes_contents
#

DROP TABLE IF EXISTS `likes_contents`;

CREATE TABLE `likes_contents` (
  `id` int(10) unsigned NOT NULL AUTO_INCREMENT,
  `likes_id` int(10) unsigned NOT NULL,
  `likes_types_id` int(10) unsigned NOT NULL,
  `content_id` int(10) unsigned NOT NULL,
  PRIMARY KEY (`id`)
) ENGINE=InnoDB AUTO_INCREMENT=51 DEFAULT CHARSET=utf8 COLLATE=utf8_unicode_ci;

INSERT INTO `likes_contents` (`id`, `likes_id`, `likes_types_id`, `content_id`) VALUES (1, 1, 1, 1);
INSERT INTO `likes_contents` (`id`, `likes_id`, `likes_types_id`, `content_id`) VALUES (2, 2, 2, 2);
INSERT INTO `likes_contents` (`id`, `likes_id`, `likes_types_id`, `content_id`) VALUES (3, 3, 3, 3);
INSERT INTO `likes_contents` (`id`, `likes_id`, `likes_types_id`, `content_id`) VALUES (4, 4, 1, 4);
INSERT INTO `likes_contents` (`id`, `likes_id`, `likes_types_id`, `content_id`) VALUES (5, 5, 2, 5);
INSERT INTO `likes_contents` (`id`, `likes_id`, `likes_types_id`, `content_id`) VALUES (6, 6, 3, 6);
INSERT INTO `likes_contents` (`id`, `likes_id`, `likes_types_id`, `content_id`) VALUES (7, 7, 1, 7);
INSERT INTO `likes_contents` (`id`, `likes_id`, `likes_types_id`, `content_id`) VALUES (8, 8, 2, 8);
INSERT INTO `likes_contents` (`id`, `likes_id`, `likes_types_id`, `content_id`) VALUES (9, 9, 3, 9);
INSERT INTO `likes_contents` (`id`, `likes_id`, `likes_types_id`, `content_id`) VALUES (10, 10, 1, 10);
INSERT INTO `likes_contents` (`id`, `likes_id`, `likes_types_id`, `content_id`) VALUES (11, 11, 2, 11);
INSERT INTO `likes_contents` (`id`, `likes_id`, `likes_types_id`, `content_id`) VALUES (12, 12, 3, 12);
INSERT INTO `likes_contents` (`id`, `likes_id`, `likes_types_id`, `content_id`) VALUES (13, 13, 1, 13);
INSERT INTO `likes_contents` (`id`, `likes_id`, `likes_types_id`, `content_id`) VALUES (14, 14, 2, 14);
INSERT INTO `likes_contents` (`id`, `likes_id`, `likes_types_id`, `content_id`) VALUES (15, 15, 3, 15);
INSERT INTO `likes_contents` (`id`, `likes_id`, `likes_types_id`, `content_id`) VALUES (16, 16, 1, 16);
INSERT INTO `likes_contents` (`id`, `likes_id`, `likes_types_id`, `content_id`) VALUES (17, 17, 2, 17);
INSERT INTO `likes_contents` (`id`, `likes_id`, `likes_types_id`, `content_id`) VALUES (18, 18, 3, 18);
INSERT INTO `likes_contents` (`id`, `likes_id`, `likes_types_id`, `content_id`) VALUES (19, 19, 1, 19);
INSERT INTO `likes_contents` (`id`, `likes_id`, `likes_types_id`, `content_id`) VALUES (20, 20, 2, 20);
INSERT INTO `likes_contents` (`id`, `likes_id`, `likes_types_id`, `content_id`) VALUES (21, 21, 3, 21);
INSERT INTO `likes_contents` (`id`, `likes_id`, `likes_types_id`, `content_id`) VALUES (22, 22, 1, 22);
INSERT INTO `likes_contents` (`id`, `likes_id`, `likes_types_id`, `content_id`) VALUES (23, 23, 2, 23);
INSERT INTO `likes_contents` (`id`, `likes_id`, `likes_types_id`, `content_id`) VALUES (24, 24, 3, 24);
INSERT INTO `likes_contents` (`id`, `likes_id`, `likes_types_id`, `content_id`) VALUES (25, 25, 1, 25);
INSERT INTO `likes_contents` (`id`, `likes_id`, `likes_types_id`, `content_id`) VALUES (26, 26, 2, 26);
INSERT INTO `likes_contents` (`id`, `likes_id`, `likes_types_id`, `content_id`) VALUES (27, 27, 3, 27);
INSERT INTO `likes_contents` (`id`, `likes_id`, `likes_types_id`, `content_id`) VALUES (28, 28, 1, 28);
INSERT INTO `likes_contents` (`id`, `likes_id`, `likes_types_id`, `content_id`) VALUES (29, 29, 2, 29);
INSERT INTO `likes_contents` (`id`, `likes_id`, `likes_types_id`, `content_id`) VALUES (30, 30, 3, 30);
INSERT INTO `likes_contents` (`id`, `likes_id`, `likes_types_id`, `content_id`) VALUES (31, 31, 1, 31);
INSERT INTO `likes_contents` (`id`, `likes_id`, `likes_types_id`, `content_id`) VALUES (32, 32, 2, 32);
INSERT INTO `likes_contents` (`id`, `likes_id`, `likes_types_id`, `content_id`) VALUES (33, 33, 3, 33);
INSERT INTO `likes_contents` (`id`, `likes_id`, `likes_types_id`, `content_id`) VALUES (34, 34, 1, 34);
INSERT INTO `likes_contents` (`id`, `likes_id`, `likes_types_id`, `content_id`) VALUES (35, 35, 2, 35);
INSERT INTO `likes_contents` (`id`, `likes_id`, `likes_types_id`, `content_id`) VALUES (36, 36, 3, 36);
INSERT INTO `likes_contents` (`id`, `likes_id`, `likes_types_id`, `content_id`) VALUES (37, 37, 1, 37);
INSERT INTO `likes_contents` (`id`, `likes_id`, `likes_types_id`, `content_id`) VALUES (38, 38, 2, 38);
INSERT INTO `likes_contents` (`id`, `likes_id`, `likes_types_id`, `content_id`) VALUES (39, 39, 3, 39);
INSERT INTO `likes_contents` (`id`, `likes_id`, `likes_types_id`, `content_id`) VALUES (40, 40, 1, 40);
INSERT INTO `likes_contents` (`id`, `likes_id`, `likes_types_id`, `content_id`) VALUES (41, 41, 2, 41);
INSERT INTO `likes_contents` (`id`, `likes_id`, `likes_types_id`, `content_id`) VALUES (42, 42, 3, 42);
INSERT INTO `likes_contents` (`id`, `likes_id`, `likes_types_id`, `content_id`) VALUES (43, 43, 1, 43);
INSERT INTO `likes_contents` (`id`, `likes_id`, `likes_types_id`, `content_id`) VALUES (44, 44, 2, 44);
INSERT INTO `likes_contents` (`id`, `likes_id`, `likes_types_id`, `content_id`) VALUES (45, 45, 3, 45);
INSERT INTO `likes_contents` (`id`, `likes_id`, `likes_types_id`, `content_id`) VALUES (46, 46, 1, 46);
INSERT INTO `likes_contents` (`id`, `likes_id`, `likes_types_id`, `content_id`) VALUES (47, 47, 2, 47);
INSERT INTO `likes_contents` (`id`, `likes_id`, `likes_types_id`, `content_id`) VALUES (48, 48, 3, 48);
INSERT INTO `likes_contents` (`id`, `likes_id`, `likes_types_id`, `content_id`) VALUES (49, 49, 1, 49);
INSERT INTO `likes_contents` (`id`, `likes_id`, `likes_types_id`, `content_id`) VALUES (50, 50, 2, 50);


#
# TABLE STRUCTURE FOR: likes_types
#

DROP TABLE IF EXISTS `likes_types`;

CREATE TABLE `likes_types` (
  `id` int(10) unsigned NOT NULL AUTO_INCREMENT,
  `name` varchar(255) COLLATE utf8_unicode_ci NOT NULL,
  PRIMARY KEY (`id`),
  UNIQUE KEY `name` (`name`)
) ENGINE=InnoDB AUTO_INCREMENT=4 DEFAULT CHARSET=utf8 COLLATE=utf8_unicode_ci;

INSERT INTO `likes_types` (`id`, `name`) VALUES (3, 'media');
INSERT INTO `likes_types` (`id`, `name`) VALUES (2, 'post');
INSERT INTO `likes_types` (`id`, `name`) VALUES (1, 'user');


#
# TABLE STRUCTURE FOR: media
#

DROP TABLE IF EXISTS `media`;

CREATE TABLE `media` (
  `id` int(10) unsigned NOT NULL AUTO_INCREMENT,
  `media_type_id` int(10) unsigned NOT NULL,
  `user_id` int(10) unsigned NOT NULL,
  `filename` varchar(255) COLLATE utf8_unicode_ci NOT NULL,
  `size` int(11) NOT NULL,
  `metadata` longtext CHARACTER SET utf8mb4 COLLATE utf8mb4_bin DEFAULT NULL,
  `created_at` datetime DEFAULT current_timestamp(),
  `updated_at` datetime DEFAULT current_timestamp() ON UPDATE current_timestamp(),
  PRIMARY KEY (`id`)
) ENGINE=InnoDB AUTO_INCREMENT=101 DEFAULT CHARSET=utf8 COLLATE=utf8_unicode_ci;

INSERT INTO `media` (`id`, `media_type_id`, `user_id`, `filename`, `size`, `metadata`, `created_at`, `updated_at`) VALUES (1, 1, 1, 'aliquam', 56754438, NULL, '1970-11-24 15:22:18', '1985-01-08 17:27:41');
INSERT INTO `media` (`id`, `media_type_id`, `user_id`, `filename`, `size`, `metadata`, `created_at`, `updated_at`) VALUES (2, 2, 2, 'tempora', 7960658, NULL, '2010-04-26 06:01:37', '2008-12-30 05:42:59');
INSERT INTO `media` (`id`, `media_type_id`, `user_id`, `filename`, `size`, `metadata`, `created_at`, `updated_at`) VALUES (3, 3, 3, 'nobis', 564873749, NULL, '2009-03-21 04:38:25', '2019-08-15 16:31:57');
INSERT INTO `media` (`id`, `media_type_id`, `user_id`, `filename`, `size`, `metadata`, `created_at`, `updated_at`) VALUES (4, 1, 4, 'praesentium', 4, NULL, '1980-04-18 22:41:57', '1989-08-14 21:17:18');
INSERT INTO `media` (`id`, `media_type_id`, `user_id`, `filename`, `size`, `metadata`, `created_at`, `updated_at`) VALUES (5, 2, 5, 'beatae', 39070, NULL, '1987-08-17 15:54:57', '2007-10-17 22:46:57');
INSERT INTO `media` (`id`, `media_type_id`, `user_id`, `filename`, `size`, `metadata`, `created_at`, `updated_at`) VALUES (6, 3, 6, 'dolorem', 477, NULL, '1972-01-11 16:15:17', '1998-08-19 10:56:34');
INSERT INTO `media` (`id`, `media_type_id`, `user_id`, `filename`, `size`, `metadata`, `created_at`, `updated_at`) VALUES (7, 1, 7, 'quidem', 857660, NULL, '1983-05-28 03:23:21', '1976-07-02 20:20:10');
INSERT INTO `media` (`id`, `media_type_id`, `user_id`, `filename`, `size`, `metadata`, `created_at`, `updated_at`) VALUES (8, 2, 8, 'omnis', 589, NULL, '1975-01-18 23:06:37', '1995-12-16 03:47:57');
INSERT INTO `media` (`id`, `media_type_id`, `user_id`, `filename`, `size`, `metadata`, `created_at`, `updated_at`) VALUES (9, 3, 9, 'eum', 2603, NULL, '1975-12-08 19:47:35', '1983-09-25 06:12:54');
INSERT INTO `media` (`id`, `media_type_id`, `user_id`, `filename`, `size`, `metadata`, `created_at`, `updated_at`) VALUES (10, 1, 10, 'aliquid', 84, NULL, '2004-07-21 09:16:56', '1972-12-26 20:00:03');
INSERT INTO `media` (`id`, `media_type_id`, `user_id`, `filename`, `size`, `metadata`, `created_at`, `updated_at`) VALUES (11, 2, 11, 'et', 95, NULL, '1970-02-05 01:27:21', '2007-03-11 18:34:14');
INSERT INTO `media` (`id`, `media_type_id`, `user_id`, `filename`, `size`, `metadata`, `created_at`, `updated_at`) VALUES (12, 3, 12, 'ea', 7525, NULL, '1981-09-01 17:14:08', '1971-07-09 22:23:31');
INSERT INTO `media` (`id`, `media_type_id`, `user_id`, `filename`, `size`, `metadata`, `created_at`, `updated_at`) VALUES (13, 1, 13, 'consequuntur', 261456546, NULL, '1992-05-09 07:38:39', '2014-08-11 00:56:00');
INSERT INTO `media` (`id`, `media_type_id`, `user_id`, `filename`, `size`, `metadata`, `created_at`, `updated_at`) VALUES (14, 2, 14, 'qui', 1551, NULL, '2018-09-26 01:16:05', '1981-11-21 04:28:07');
INSERT INTO `media` (`id`, `media_type_id`, `user_id`, `filename`, `size`, `metadata`, `created_at`, `updated_at`) VALUES (15, 3, 15, 'repellat', 278107415, NULL, '1992-12-12 04:19:49', '1997-07-20 17:12:51');
INSERT INTO `media` (`id`, `media_type_id`, `user_id`, `filename`, `size`, `metadata`, `created_at`, `updated_at`) VALUES (16, 1, 16, 'pariatur', 4878, NULL, '2006-10-12 18:54:50', '2007-06-13 02:15:17');
INSERT INTO `media` (`id`, `media_type_id`, `user_id`, `filename`, `size`, `metadata`, `created_at`, `updated_at`) VALUES (17, 2, 17, 'reprehenderit', 958, NULL, '1999-08-15 11:09:17', '1974-07-01 10:58:17');
INSERT INTO `media` (`id`, `media_type_id`, `user_id`, `filename`, `size`, `metadata`, `created_at`, `updated_at`) VALUES (18, 3, 18, 'corporis', 6217, NULL, '1992-08-09 17:32:16', '1996-08-03 05:36:13');
INSERT INTO `media` (`id`, `media_type_id`, `user_id`, `filename`, `size`, `metadata`, `created_at`, `updated_at`) VALUES (19, 1, 19, 'nihil', 705472, NULL, '2010-11-26 18:45:42', '2010-01-10 08:31:40');
INSERT INTO `media` (`id`, `media_type_id`, `user_id`, `filename`, `size`, `metadata`, `created_at`, `updated_at`) VALUES (20, 2, 20, 'eligendi', 951, NULL, '2003-04-14 22:05:30', '1973-09-29 12:55:46');
INSERT INTO `media` (`id`, `media_type_id`, `user_id`, `filename`, `size`, `metadata`, `created_at`, `updated_at`) VALUES (21, 3, 21, 'quis', 2226416, NULL, '2016-09-20 13:58:50', '1981-12-22 05:03:54');
INSERT INTO `media` (`id`, `media_type_id`, `user_id`, `filename`, `size`, `metadata`, `created_at`, `updated_at`) VALUES (22, 1, 22, 'omnis', 0, NULL, '2001-05-11 17:19:05', '1980-07-25 05:26:37');
INSERT INTO `media` (`id`, `media_type_id`, `user_id`, `filename`, `size`, `metadata`, `created_at`, `updated_at`) VALUES (23, 2, 23, 'praesentium', 763666772, NULL, '1975-05-17 12:37:58', '1970-01-18 21:36:16');
INSERT INTO `media` (`id`, `media_type_id`, `user_id`, `filename`, `size`, `metadata`, `created_at`, `updated_at`) VALUES (24, 3, 24, 'at', 0, NULL, '1996-04-07 00:34:05', '1981-10-11 11:02:59');
INSERT INTO `media` (`id`, `media_type_id`, `user_id`, `filename`, `size`, `metadata`, `created_at`, `updated_at`) VALUES (25, 1, 25, 'architecto', 0, NULL, '1984-06-02 06:19:41', '1981-01-13 18:34:27');
INSERT INTO `media` (`id`, `media_type_id`, `user_id`, `filename`, `size`, `metadata`, `created_at`, `updated_at`) VALUES (26, 2, 26, 'autem', 279164, NULL, '1980-10-20 19:22:44', '2018-12-01 02:35:42');
INSERT INTO `media` (`id`, `media_type_id`, `user_id`, `filename`, `size`, `metadata`, `created_at`, `updated_at`) VALUES (27, 3, 27, 'quas', 56142919, NULL, '1983-11-19 11:31:08', '1977-09-01 06:58:26');
INSERT INTO `media` (`id`, `media_type_id`, `user_id`, `filename`, `size`, `metadata`, `created_at`, `updated_at`) VALUES (28, 1, 28, 'excepturi', 629455, NULL, '2001-10-19 18:09:13', '1978-11-06 07:05:37');
INSERT INTO `media` (`id`, `media_type_id`, `user_id`, `filename`, `size`, `metadata`, `created_at`, `updated_at`) VALUES (29, 2, 29, 'animi', 9722532, NULL, '2005-01-07 12:06:47', '1997-07-14 22:27:43');
INSERT INTO `media` (`id`, `media_type_id`, `user_id`, `filename`, `size`, `metadata`, `created_at`, `updated_at`) VALUES (30, 3, 30, 'distinctio', 15, NULL, '1989-02-12 01:01:58', '1981-04-30 10:01:44');
INSERT INTO `media` (`id`, `media_type_id`, `user_id`, `filename`, `size`, `metadata`, `created_at`, `updated_at`) VALUES (31, 1, 31, 'beatae', 5309, NULL, '2014-07-26 19:27:38', '1992-11-18 12:24:38');
INSERT INTO `media` (`id`, `media_type_id`, `user_id`, `filename`, `size`, `metadata`, `created_at`, `updated_at`) VALUES (32, 2, 32, 'commodi', 140775, NULL, '1970-12-29 23:02:19', '2016-11-05 12:36:07');
INSERT INTO `media` (`id`, `media_type_id`, `user_id`, `filename`, `size`, `metadata`, `created_at`, `updated_at`) VALUES (33, 3, 33, 'accusamus', 486721, NULL, '1977-02-14 08:34:04', '2009-11-25 06:57:39');
INSERT INTO `media` (`id`, `media_type_id`, `user_id`, `filename`, `size`, `metadata`, `created_at`, `updated_at`) VALUES (34, 1, 34, 'recusandae', 645967158, NULL, '2005-09-13 03:15:25', '1986-06-30 21:52:30');
INSERT INTO `media` (`id`, `media_type_id`, `user_id`, `filename`, `size`, `metadata`, `created_at`, `updated_at`) VALUES (35, 2, 35, 'incidunt', 732931368, NULL, '1994-06-22 14:39:05', '1981-09-19 22:13:28');
INSERT INTO `media` (`id`, `media_type_id`, `user_id`, `filename`, `size`, `metadata`, `created_at`, `updated_at`) VALUES (36, 3, 36, 'harum', 10882, NULL, '1983-07-21 08:56:32', '2010-10-10 22:49:42');
INSERT INTO `media` (`id`, `media_type_id`, `user_id`, `filename`, `size`, `metadata`, `created_at`, `updated_at`) VALUES (37, 1, 37, 'voluptas', 21, NULL, '1976-10-31 22:15:51', '1977-05-25 13:10:03');
INSERT INTO `media` (`id`, `media_type_id`, `user_id`, `filename`, `size`, `metadata`, `created_at`, `updated_at`) VALUES (38, 2, 38, 'enim', 947963, NULL, '1990-06-14 12:49:54', '1980-05-20 12:28:02');
INSERT INTO `media` (`id`, `media_type_id`, `user_id`, `filename`, `size`, `metadata`, `created_at`, `updated_at`) VALUES (39, 3, 39, 'facere', 604936596, NULL, '2008-03-10 09:18:28', '2004-11-22 00:11:40');
INSERT INTO `media` (`id`, `media_type_id`, `user_id`, `filename`, `size`, `metadata`, `created_at`, `updated_at`) VALUES (40, 1, 40, 'labore', 60, NULL, '2009-09-09 02:22:04', '2007-03-22 15:07:46');
INSERT INTO `media` (`id`, `media_type_id`, `user_id`, `filename`, `size`, `metadata`, `created_at`, `updated_at`) VALUES (41, 2, 41, 'ut', 1321143, NULL, '2001-12-08 19:45:37', '1975-01-19 14:35:22');
INSERT INTO `media` (`id`, `media_type_id`, `user_id`, `filename`, `size`, `metadata`, `created_at`, `updated_at`) VALUES (42, 3, 42, 'pariatur', 239456511, NULL, '2002-09-18 13:11:02', '1987-01-09 03:55:02');
INSERT INTO `media` (`id`, `media_type_id`, `user_id`, `filename`, `size`, `metadata`, `created_at`, `updated_at`) VALUES (43, 1, 43, 'totam', 987221, NULL, '1997-08-02 10:47:29', '1985-12-02 14:23:16');
INSERT INTO `media` (`id`, `media_type_id`, `user_id`, `filename`, `size`, `metadata`, `created_at`, `updated_at`) VALUES (44, 2, 44, 'porro', 743946, NULL, '1997-02-04 03:49:58', '1977-03-24 01:10:50');
INSERT INTO `media` (`id`, `media_type_id`, `user_id`, `filename`, `size`, `metadata`, `created_at`, `updated_at`) VALUES (45, 3, 45, 'soluta', 932282, NULL, '2009-11-06 01:39:02', '1977-04-03 17:04:01');
INSERT INTO `media` (`id`, `media_type_id`, `user_id`, `filename`, `size`, `metadata`, `created_at`, `updated_at`) VALUES (46, 1, 46, 'adipisci', 7, NULL, '1974-11-23 23:44:41', '1983-02-04 13:15:22');
INSERT INTO `media` (`id`, `media_type_id`, `user_id`, `filename`, `size`, `metadata`, `created_at`, `updated_at`) VALUES (47, 2, 47, 'recusandae', 567324, NULL, '2007-03-08 18:59:31', '1998-04-19 12:52:04');
INSERT INTO `media` (`id`, `media_type_id`, `user_id`, `filename`, `size`, `metadata`, `created_at`, `updated_at`) VALUES (48, 3, 48, 'quas', 512, NULL, '2015-03-12 18:32:19', '1974-08-11 00:19:30');
INSERT INTO `media` (`id`, `media_type_id`, `user_id`, `filename`, `size`, `metadata`, `created_at`, `updated_at`) VALUES (49, 1, 49, 'facere', 75425, NULL, '2009-10-22 04:20:26', '1985-05-12 01:58:00');
INSERT INTO `media` (`id`, `media_type_id`, `user_id`, `filename`, `size`, `metadata`, `created_at`, `updated_at`) VALUES (50, 2, 50, 'voluptas', 65122, NULL, '1978-04-27 20:30:11', '2016-11-24 20:58:21');
INSERT INTO `media` (`id`, `media_type_id`, `user_id`, `filename`, `size`, `metadata`, `created_at`, `updated_at`) VALUES (51, 3, 51, 'sit', 5731017, NULL, '1991-10-08 16:36:29', '1989-04-05 07:08:45');
INSERT INTO `media` (`id`, `media_type_id`, `user_id`, `filename`, `size`, `metadata`, `created_at`, `updated_at`) VALUES (52, 1, 52, 'perspiciatis', 61, NULL, '1986-02-22 22:34:10', '2019-01-02 15:35:59');
INSERT INTO `media` (`id`, `media_type_id`, `user_id`, `filename`, `size`, `metadata`, `created_at`, `updated_at`) VALUES (53, 2, 53, 'similique', 8275675, NULL, '1975-11-20 08:29:54', '2002-07-22 08:53:04');
INSERT INTO `media` (`id`, `media_type_id`, `user_id`, `filename`, `size`, `metadata`, `created_at`, `updated_at`) VALUES (54, 3, 54, 'in', 0, NULL, '1981-02-13 18:54:04', '1992-01-07 10:24:05');
INSERT INTO `media` (`id`, `media_type_id`, `user_id`, `filename`, `size`, `metadata`, `created_at`, `updated_at`) VALUES (55, 1, 55, 'est', 98, NULL, '1974-01-27 02:45:14', '1994-01-07 00:10:39');
INSERT INTO `media` (`id`, `media_type_id`, `user_id`, `filename`, `size`, `metadata`, `created_at`, `updated_at`) VALUES (56, 2, 56, 'autem', 709273519, NULL, '2014-10-16 16:18:59', '1998-02-22 22:39:21');
INSERT INTO `media` (`id`, `media_type_id`, `user_id`, `filename`, `size`, `metadata`, `created_at`, `updated_at`) VALUES (57, 3, 57, 'tenetur', 20615393, NULL, '2015-12-01 20:35:54', '1987-10-30 03:23:45');
INSERT INTO `media` (`id`, `media_type_id`, `user_id`, `filename`, `size`, `metadata`, `created_at`, `updated_at`) VALUES (58, 1, 58, 'expedita', 753, NULL, '2002-06-18 18:11:22', '1999-12-26 08:19:42');
INSERT INTO `media` (`id`, `media_type_id`, `user_id`, `filename`, `size`, `metadata`, `created_at`, `updated_at`) VALUES (59, 2, 59, 'autem', 2, NULL, '1996-05-31 16:47:53', '2017-01-30 09:51:29');
INSERT INTO `media` (`id`, `media_type_id`, `user_id`, `filename`, `size`, `metadata`, `created_at`, `updated_at`) VALUES (60, 3, 60, 'autem', 31324333, NULL, '2002-09-02 10:44:44', '2014-02-04 10:50:44');
INSERT INTO `media` (`id`, `media_type_id`, `user_id`, `filename`, `size`, `metadata`, `created_at`, `updated_at`) VALUES (61, 1, 61, 'itaque', 6514, NULL, '1980-09-15 12:46:48', '2009-07-21 18:16:54');
INSERT INTO `media` (`id`, `media_type_id`, `user_id`, `filename`, `size`, `metadata`, `created_at`, `updated_at`) VALUES (62, 2, 62, 'optio', 0, NULL, '1994-05-10 18:54:28', '2004-02-25 02:00:32');
INSERT INTO `media` (`id`, `media_type_id`, `user_id`, `filename`, `size`, `metadata`, `created_at`, `updated_at`) VALUES (63, 3, 63, 'porro', 475697441, NULL, '1977-11-07 05:52:28', '2000-09-21 10:32:28');
INSERT INTO `media` (`id`, `media_type_id`, `user_id`, `filename`, `size`, `metadata`, `created_at`, `updated_at`) VALUES (64, 1, 64, 'dignissimos', 95029484, NULL, '2019-08-29 11:18:53', '1973-06-12 22:20:13');
INSERT INTO `media` (`id`, `media_type_id`, `user_id`, `filename`, `size`, `metadata`, `created_at`, `updated_at`) VALUES (65, 2, 65, 'quia', 473612, NULL, '1982-11-15 08:04:03', '2019-04-30 02:57:45');
INSERT INTO `media` (`id`, `media_type_id`, `user_id`, `filename`, `size`, `metadata`, `created_at`, `updated_at`) VALUES (66, 3, 66, 'officia', 370682, NULL, '2000-05-22 11:49:18', '1975-07-02 03:12:59');
INSERT INTO `media` (`id`, `media_type_id`, `user_id`, `filename`, `size`, `metadata`, `created_at`, `updated_at`) VALUES (67, 1, 67, 'sequi', 89508094, NULL, '1990-10-31 20:51:51', '1989-06-27 00:46:57');
INSERT INTO `media` (`id`, `media_type_id`, `user_id`, `filename`, `size`, `metadata`, `created_at`, `updated_at`) VALUES (68, 2, 68, 'cum', 86709946, NULL, '1990-04-06 05:21:56', '2009-07-09 00:38:29');
INSERT INTO `media` (`id`, `media_type_id`, `user_id`, `filename`, `size`, `metadata`, `created_at`, `updated_at`) VALUES (69, 3, 69, 'optio', 6412416, NULL, '1976-11-10 11:48:01', '2015-10-06 06:57:09');
INSERT INTO `media` (`id`, `media_type_id`, `user_id`, `filename`, `size`, `metadata`, `created_at`, `updated_at`) VALUES (70, 1, 70, 'nihil', 111335, NULL, '1997-12-24 02:00:38', '1980-02-29 08:18:51');
INSERT INTO `media` (`id`, `media_type_id`, `user_id`, `filename`, `size`, `metadata`, `created_at`, `updated_at`) VALUES (71, 2, 71, 'eaque', 34, NULL, '1975-10-21 06:03:55', '1997-03-15 13:48:44');
INSERT INTO `media` (`id`, `media_type_id`, `user_id`, `filename`, `size`, `metadata`, `created_at`, `updated_at`) VALUES (72, 3, 72, 'deleniti', 90, NULL, '2012-01-27 07:37:02', '1986-05-08 08:06:25');
INSERT INTO `media` (`id`, `media_type_id`, `user_id`, `filename`, `size`, `metadata`, `created_at`, `updated_at`) VALUES (73, 1, 73, 'voluptas', 1902962, NULL, '1978-12-18 04:17:21', '1973-09-20 21:06:28');
INSERT INTO `media` (`id`, `media_type_id`, `user_id`, `filename`, `size`, `metadata`, `created_at`, `updated_at`) VALUES (74, 2, 74, 'ratione', 77175, NULL, '1972-08-24 14:54:38', '1997-12-10 08:54:58');
INSERT INTO `media` (`id`, `media_type_id`, `user_id`, `filename`, `size`, `metadata`, `created_at`, `updated_at`) VALUES (75, 3, 75, 'et', 19149701, NULL, '1988-12-13 16:49:23', '1997-09-05 13:28:24');
INSERT INTO `media` (`id`, `media_type_id`, `user_id`, `filename`, `size`, `metadata`, `created_at`, `updated_at`) VALUES (76, 1, 76, 'tempora', 0, NULL, '1990-03-30 16:37:13', '2005-08-25 19:08:59');
INSERT INTO `media` (`id`, `media_type_id`, `user_id`, `filename`, `size`, `metadata`, `created_at`, `updated_at`) VALUES (77, 2, 77, 'odio', 611712, NULL, '2010-04-24 12:40:06', '1997-01-27 13:13:12');
INSERT INTO `media` (`id`, `media_type_id`, `user_id`, `filename`, `size`, `metadata`, `created_at`, `updated_at`) VALUES (78, 3, 78, 'facere', 724825, NULL, '1978-12-15 00:58:46', '1998-01-24 09:45:55');
INSERT INTO `media` (`id`, `media_type_id`, `user_id`, `filename`, `size`, `metadata`, `created_at`, `updated_at`) VALUES (79, 1, 79, 'cum', 6, NULL, '1972-07-05 12:30:14', '1971-02-03 20:06:20');
INSERT INTO `media` (`id`, `media_type_id`, `user_id`, `filename`, `size`, `metadata`, `created_at`, `updated_at`) VALUES (80, 2, 80, 'veritatis', 20606935, NULL, '1977-12-12 18:21:58', '2015-10-12 07:37:08');
INSERT INTO `media` (`id`, `media_type_id`, `user_id`, `filename`, `size`, `metadata`, `created_at`, `updated_at`) VALUES (81, 3, 81, 'esse', 126, NULL, '1979-07-07 10:43:51', '1991-04-05 00:31:04');
INSERT INTO `media` (`id`, `media_type_id`, `user_id`, `filename`, `size`, `metadata`, `created_at`, `updated_at`) VALUES (82, 1, 82, 'et', 4, NULL, '1981-03-26 01:00:07', '1990-02-10 07:19:17');
INSERT INTO `media` (`id`, `media_type_id`, `user_id`, `filename`, `size`, `metadata`, `created_at`, `updated_at`) VALUES (83, 2, 83, 'velit', 521, NULL, '1983-07-13 04:23:02', '2019-04-04 11:55:17');
INSERT INTO `media` (`id`, `media_type_id`, `user_id`, `filename`, `size`, `metadata`, `created_at`, `updated_at`) VALUES (84, 3, 84, 'ullam', 6, NULL, '1976-07-02 20:33:51', '1986-10-23 00:54:26');
INSERT INTO `media` (`id`, `media_type_id`, `user_id`, `filename`, `size`, `metadata`, `created_at`, `updated_at`) VALUES (85, 1, 85, 'dolorem', 515, NULL, '1977-07-04 01:47:14', '1978-05-21 19:53:08');
INSERT INTO `media` (`id`, `media_type_id`, `user_id`, `filename`, `size`, `metadata`, `created_at`, `updated_at`) VALUES (86, 2, 86, 'asperiores', 7343, NULL, '2013-04-13 03:50:59', '2003-12-15 01:37:32');
INSERT INTO `media` (`id`, `media_type_id`, `user_id`, `filename`, `size`, `metadata`, `created_at`, `updated_at`) VALUES (87, 3, 87, 'occaecati', 8894, NULL, '2005-09-08 19:06:25', '1979-08-02 14:16:56');
INSERT INTO `media` (`id`, `media_type_id`, `user_id`, `filename`, `size`, `metadata`, `created_at`, `updated_at`) VALUES (88, 1, 88, 'tempore', 916, NULL, '1990-08-15 09:55:06', '1982-12-12 09:10:36');
INSERT INTO `media` (`id`, `media_type_id`, `user_id`, `filename`, `size`, `metadata`, `created_at`, `updated_at`) VALUES (89, 2, 89, 'error', 650, NULL, '1973-03-13 08:40:48', '2002-01-29 13:28:18');
INSERT INTO `media` (`id`, `media_type_id`, `user_id`, `filename`, `size`, `metadata`, `created_at`, `updated_at`) VALUES (90, 3, 90, 'enim', 0, NULL, '2003-04-28 10:28:31', '1980-06-20 06:06:47');
INSERT INTO `media` (`id`, `media_type_id`, `user_id`, `filename`, `size`, `metadata`, `created_at`, `updated_at`) VALUES (91, 1, 91, 'cum', 9779, NULL, '1986-09-14 09:53:57', '1995-02-26 07:54:25');
INSERT INTO `media` (`id`, `media_type_id`, `user_id`, `filename`, `size`, `metadata`, `created_at`, `updated_at`) VALUES (92, 2, 92, 'praesentium', 3, NULL, '1989-08-16 04:46:49', '1999-02-14 18:32:43');
INSERT INTO `media` (`id`, `media_type_id`, `user_id`, `filename`, `size`, `metadata`, `created_at`, `updated_at`) VALUES (93, 3, 93, 'voluptatem', 8565, NULL, '1978-10-21 03:59:34', '1979-10-04 09:28:35');
INSERT INTO `media` (`id`, `media_type_id`, `user_id`, `filename`, `size`, `metadata`, `created_at`, `updated_at`) VALUES (94, 1, 94, 'quisquam', 80889314, NULL, '1991-03-01 07:45:46', '1970-05-13 00:31:54');
INSERT INTO `media` (`id`, `media_type_id`, `user_id`, `filename`, `size`, `metadata`, `created_at`, `updated_at`) VALUES (95, 2, 95, 'esse', 613808956, NULL, '2006-09-12 14:50:35', '1986-08-25 07:31:08');
INSERT INTO `media` (`id`, `media_type_id`, `user_id`, `filename`, `size`, `metadata`, `created_at`, `updated_at`) VALUES (96, 3, 96, 'ipsa', 49122, NULL, '2002-04-29 06:09:03', '1975-01-16 04:29:15');
INSERT INTO `media` (`id`, `media_type_id`, `user_id`, `filename`, `size`, `metadata`, `created_at`, `updated_at`) VALUES (97, 1, 97, 'ut', 62, NULL, '1978-09-16 22:39:48', '1993-06-24 04:13:14');
INSERT INTO `media` (`id`, `media_type_id`, `user_id`, `filename`, `size`, `metadata`, `created_at`, `updated_at`) VALUES (98, 2, 98, 'sed', 1, NULL, '1976-10-04 14:44:50', '1980-11-11 16:28:15');
INSERT INTO `media` (`id`, `media_type_id`, `user_id`, `filename`, `size`, `metadata`, `created_at`, `updated_at`) VALUES (99, 3, 99, 'a', 8, NULL, '2017-09-08 11:56:55', '1993-04-07 17:53:47');
INSERT INTO `media` (`id`, `media_type_id`, `user_id`, `filename`, `size`, `metadata`, `created_at`, `updated_at`) VALUES (100, 1, 100, 'sit', 51011682, NULL, '2001-08-10 10:07:01', '2003-09-29 12:48:15');


#
# TABLE STRUCTURE FOR: media_types
#

DROP TABLE IF EXISTS `media_types`;

CREATE TABLE `media_types` (
  `id` int(10) unsigned NOT NULL AUTO_INCREMENT,
  `name` varchar(255) COLLATE utf8_unicode_ci NOT NULL,
  PRIMARY KEY (`id`),
  UNIQUE KEY `name` (`name`)
) ENGINE=InnoDB AUTO_INCREMENT=4 DEFAULT CHARSET=utf8 COLLATE=utf8_unicode_ci;

INSERT INTO `media_types` (`id`, `name`) VALUES (1, 'audio');
INSERT INTO `media_types` (`id`, `name`) VALUES (3, 'image');
INSERT INTO `media_types` (`id`, `name`) VALUES (2, 'video');


#
# TABLE STRUCTURE FOR: messages
#

DROP TABLE IF EXISTS `messages`;

CREATE TABLE `messages` (
  `id` int(10) unsigned NOT NULL AUTO_INCREMENT,
  `from_user_id` int(10) unsigned NOT NULL,
  `to_user_id` int(10) unsigned NOT NULL,
  `body` text COLLATE utf8_unicode_ci NOT NULL,
  `important` tinyint(1) DEFAULT NULL,
  `delivered` tinyint(1) DEFAULT NULL,
  `created_at` datetime DEFAULT current_timestamp(),
  PRIMARY KEY (`id`)
) ENGINE=InnoDB AUTO_INCREMENT=101 DEFAULT CHARSET=utf8 COLLATE=utf8_unicode_ci;

INSERT INTO `messages` (`id`, `from_user_id`, `to_user_id`, `body`, `important`, `delivered`, `created_at`) VALUES (1, 1, 1, 'Optio inventore recusandae tempora quia vero. Ex et accusamus provident dolor quod consequatur voluptas esse. Corporis rerum repudiandae non eos nihil. Accusantium blanditiis unde fuga saepe sed alias et accusantium.', 0, 1, '1979-10-31 00:41:24');
INSERT INTO `messages` (`id`, `from_user_id`, `to_user_id`, `body`, `important`, `delivered`, `created_at`) VALUES (2, 2, 2, 'Est rerum minima aut fugit voluptatem fuga nam sunt. Ut ut molestiae quasi ut quam nihil earum dolor. Vel quis et vitae nulla fugit. Et ut labore esse ea.', 1, 1, '2008-04-27 19:09:09');
INSERT INTO `messages` (`id`, `from_user_id`, `to_user_id`, `body`, `important`, `delivered`, `created_at`) VALUES (3, 3, 3, 'Et consequatur nulla rem nemo est dolorum. Et sed voluptas nihil et aspernatur harum. Sed quaerat nam eius et.', 1, 1, '1989-06-21 22:44:22');
INSERT INTO `messages` (`id`, `from_user_id`, `to_user_id`, `body`, `important`, `delivered`, `created_at`) VALUES (4, 4, 4, 'Doloribus esse soluta qui voluptatum quia dolorem officiis. Non est quo animi natus incidunt. Omnis suscipit iste repellat quibusdam unde corrupti unde. Et maiores ut est ab.', 0, 1, '2008-04-14 12:42:49');
INSERT INTO `messages` (`id`, `from_user_id`, `to_user_id`, `body`, `important`, `delivered`, `created_at`) VALUES (5, 5, 5, 'Nihil repudiandae error quidem earum quia aut. Molestias exercitationem enim soluta facilis soluta cumque ducimus. Magni aut aut velit molestiae dolore nostrum.', 0, 0, '1982-11-14 06:06:31');
INSERT INTO `messages` (`id`, `from_user_id`, `to_user_id`, `body`, `important`, `delivered`, `created_at`) VALUES (6, 6, 6, 'Quia reiciendis et sed praesentium et. Omnis quod ut quis iusto fuga nesciunt mollitia quia. Rerum perspiciatis sit debitis enim blanditiis. Cum dolores tempore nulla tenetur non quia magni qui. Impedit quibusdam natus iste delectus voluptate consequatur.', 0, 1, '1974-11-11 06:24:44');
INSERT INTO `messages` (`id`, `from_user_id`, `to_user_id`, `body`, `important`, `delivered`, `created_at`) VALUES (7, 7, 7, 'Non laborum ducimus quas distinctio aperiam id qui aut. Iusto voluptatem sunt temporibus sunt doloribus veritatis non. Id iusto unde quis sit omnis. Id id molestiae quia odit itaque.', 0, 0, '1991-09-28 11:35:25');
INSERT INTO `messages` (`id`, `from_user_id`, `to_user_id`, `body`, `important`, `delivered`, `created_at`) VALUES (8, 8, 8, 'Pariatur aspernatur dolorem cumque ut. Error voluptas minima quam aut laboriosam quod error consectetur. Odit possimus explicabo autem consequatur doloribus rerum architecto. Aperiam autem illo mollitia voluptatem vero vero.', 0, 0, '1983-03-28 23:23:43');
INSERT INTO `messages` (`id`, `from_user_id`, `to_user_id`, `body`, `important`, `delivered`, `created_at`) VALUES (9, 9, 9, 'Necessitatibus eos iusto hic consequatur et maiores. Exercitationem nesciunt aspernatur molestiae porro unde. Beatae magni omnis vitae tenetur et. Molestiae quam voluptates voluptatem eum voluptas nihil.', 1, 1, '2019-01-03 06:36:11');
INSERT INTO `messages` (`id`, `from_user_id`, `to_user_id`, `body`, `important`, `delivered`, `created_at`) VALUES (10, 10, 10, 'Tempora cumque cupiditate omnis neque voluptas iste quam quia. Sit fugit voluptatibus rerum dolor sed. Ea debitis in placeat recusandae laboriosam.', 1, 0, '1973-05-07 08:32:58');
INSERT INTO `messages` (`id`, `from_user_id`, `to_user_id`, `body`, `important`, `delivered`, `created_at`) VALUES (11, 11, 11, 'Asperiores vel perspiciatis tempora eos et suscipit. Adipisci sunt doloribus quas maiores rerum deserunt. Temporibus recusandae iure et id id.', 0, 1, '1999-06-18 18:53:19');
INSERT INTO `messages` (`id`, `from_user_id`, `to_user_id`, `body`, `important`, `delivered`, `created_at`) VALUES (12, 12, 12, 'Vel ab fugit velit. Aut beatae sit unde optio voluptas consequuntur qui eaque. Sint delectus aut dolore dolores aspernatur earum. Enim id est dolorem velit.', 1, 1, '2009-07-04 16:48:12');
INSERT INTO `messages` (`id`, `from_user_id`, `to_user_id`, `body`, `important`, `delivered`, `created_at`) VALUES (13, 13, 13, 'Illo repellendus molestias dolores quibusdam commodi. Architecto atque quia esse ea natus iste. Labore doloremque maxime dolorem voluptatem dignissimos similique est.', 0, 1, '1982-02-15 07:29:10');
INSERT INTO `messages` (`id`, `from_user_id`, `to_user_id`, `body`, `important`, `delivered`, `created_at`) VALUES (14, 14, 14, 'Temporibus temporibus atque ut expedita ea aut. Corporis sint harum culpa dolore nihil qui. Minus ex tempora voluptatem voluptatem.', 1, 1, '1991-05-10 06:38:45');
INSERT INTO `messages` (`id`, `from_user_id`, `to_user_id`, `body`, `important`, `delivered`, `created_at`) VALUES (15, 15, 15, 'Laborum labore enim dolorem. Culpa sit quis suscipit nihil molestias ut. Laudantium qui cumque eveniet quaerat velit.', 0, 0, '1993-12-30 16:52:02');
INSERT INTO `messages` (`id`, `from_user_id`, `to_user_id`, `body`, `important`, `delivered`, `created_at`) VALUES (16, 16, 16, 'Quia eaque ut et. Aut aliquam nihil inventore consequuntur dolores ea. Ratione et autem ut alias beatae unde voluptatem.', 0, 1, '1970-02-13 01:08:50');
INSERT INTO `messages` (`id`, `from_user_id`, `to_user_id`, `body`, `important`, `delivered`, `created_at`) VALUES (17, 17, 17, 'Velit enim beatae aut esse asperiores incidunt quis ut. Molestiae excepturi dolorum facere. Aliquam eveniet quo iusto et natus distinctio enim.', 1, 1, '2006-04-24 10:24:39');
INSERT INTO `messages` (`id`, `from_user_id`, `to_user_id`, `body`, `important`, `delivered`, `created_at`) VALUES (18, 18, 18, 'A magni ea impedit blanditiis. Eaque architecto porro similique perferendis. Nihil placeat inventore consequuntur animi adipisci et sint. Ullam officiis dignissimos ad perferendis aut et dolores inventore. Dolorum ratione aut quos inventore aut.', 1, 1, '1989-02-21 10:34:05');
INSERT INTO `messages` (`id`, `from_user_id`, `to_user_id`, `body`, `important`, `delivered`, `created_at`) VALUES (19, 19, 19, 'Nobis pariatur sint hic nihil illum eos dolor. Placeat et molestiae sunt eligendi. Quae eius voluptas quo cupiditate. Dolore ea consequuntur asperiores vero sint.', 0, 0, '1982-08-11 10:04:24');
INSERT INTO `messages` (`id`, `from_user_id`, `to_user_id`, `body`, `important`, `delivered`, `created_at`) VALUES (20, 20, 20, 'Est perferendis ad illum itaque sed. Amet neque eius neque. Reiciendis voluptatem ipsam aspernatur occaecati veritatis nobis dolor repellat. Iusto autem dolore harum optio et. Ipsa aut placeat modi quia magni ut quod amet.', 1, 0, '2010-07-15 14:29:30');
INSERT INTO `messages` (`id`, `from_user_id`, `to_user_id`, `body`, `important`, `delivered`, `created_at`) VALUES (21, 21, 21, 'Distinctio esse voluptas possimus. Sit quasi excepturi voluptatum quia distinctio explicabo. Dolore voluptatum in sunt non eum asperiores officia.', 0, 1, '1974-08-31 00:58:29');
INSERT INTO `messages` (`id`, `from_user_id`, `to_user_id`, `body`, `important`, `delivered`, `created_at`) VALUES (22, 22, 22, 'Ut enim sunt eum natus. Rerum non odit quis debitis et. Adipisci voluptate consequatur iure beatae debitis error.', 1, 1, '1986-02-06 00:17:00');
INSERT INTO `messages` (`id`, `from_user_id`, `to_user_id`, `body`, `important`, `delivered`, `created_at`) VALUES (23, 23, 23, 'Suscipit dolor accusamus repellat maxime. Vel ipsum fugiat repellendus ipsa veritatis totam ex harum. Odio vel ut quisquam. Cum non ea optio aut unde debitis repellendus.', 1, 0, '1991-08-21 20:14:27');
INSERT INTO `messages` (`id`, `from_user_id`, `to_user_id`, `body`, `important`, `delivered`, `created_at`) VALUES (24, 24, 24, 'Velit et consequatur modi nihil dignissimos. Omnis animi dolor delectus est.', 0, 0, '2019-05-24 03:20:37');
INSERT INTO `messages` (`id`, `from_user_id`, `to_user_id`, `body`, `important`, `delivered`, `created_at`) VALUES (25, 25, 25, 'Officiis neque et ducimus commodi. Maxime quia reiciendis inventore. Earum nostrum molestiae laborum sint. Omnis sit animi in.', 0, 0, '1996-01-20 13:59:48');
INSERT INTO `messages` (`id`, `from_user_id`, `to_user_id`, `body`, `important`, `delivered`, `created_at`) VALUES (26, 26, 26, 'Quam quo soluta et eos. Sed quaerat vel ea consequatur aliquam corporis. Ab quos et reprehenderit aliquid. Eos ratione temporibus aut consequuntur aut enim inventore.', 0, 0, '2008-01-16 21:05:12');
INSERT INTO `messages` (`id`, `from_user_id`, `to_user_id`, `body`, `important`, `delivered`, `created_at`) VALUES (27, 27, 27, 'Minus quia recusandae nesciunt dolores. Laboriosam consequatur voluptas dolor tenetur. Laboriosam possimus vel ab sunt esse. Hic non accusamus molestias.', 1, 1, '1996-10-01 06:20:33');
INSERT INTO `messages` (`id`, `from_user_id`, `to_user_id`, `body`, `important`, `delivered`, `created_at`) VALUES (28, 28, 28, 'Tempore unde aperiam dolor sequi porro nobis. Reiciendis placeat et enim at ut nihil placeat. Voluptas dolores quas eum ullam ut voluptatem aliquam. Et eos molestias soluta provident.', 0, 1, '2006-08-07 22:46:12');
INSERT INTO `messages` (`id`, `from_user_id`, `to_user_id`, `body`, `important`, `delivered`, `created_at`) VALUES (29, 29, 29, 'Cum illum placeat sed excepturi perspiciatis in modi. Maiores saepe ut similique non quibusdam asperiores eum. Corrupti omnis illum sunt omnis eveniet. Nihil quisquam dolore aut qui quos suscipit libero.', 1, 1, '1999-03-20 22:13:40');
INSERT INTO `messages` (`id`, `from_user_id`, `to_user_id`, `body`, `important`, `delivered`, `created_at`) VALUES (30, 30, 30, 'Aut neque saepe similique nisi. Omnis consequatur molestiae nulla veniam omnis nulla voluptatem. Qui et maxime laudantium nisi.', 1, 1, '1973-08-20 15:43:10');
INSERT INTO `messages` (`id`, `from_user_id`, `to_user_id`, `body`, `important`, `delivered`, `created_at`) VALUES (31, 31, 31, 'Reiciendis consequatur blanditiis dolores veritatis et ut. Repudiandae rerum dolore animi in nulla odit culpa. Labore voluptas ut vel ipsam ipsa voluptas est.', 0, 1, '2004-06-16 21:41:20');
INSERT INTO `messages` (`id`, `from_user_id`, `to_user_id`, `body`, `important`, `delivered`, `created_at`) VALUES (32, 32, 32, 'Dolores nam dolor animi quia. Magni accusamus voluptatem animi. Eius nemo in sed.', 1, 0, '1974-10-24 04:25:34');
INSERT INTO `messages` (`id`, `from_user_id`, `to_user_id`, `body`, `important`, `delivered`, `created_at`) VALUES (33, 33, 33, 'Officia quisquam rem rem ullam nostrum ipsam. Cumque repellendus quis temporibus consequatur. Dolorem facilis voluptatum numquam vel recusandae.', 0, 0, '2007-04-12 17:56:37');
INSERT INTO `messages` (`id`, `from_user_id`, `to_user_id`, `body`, `important`, `delivered`, `created_at`) VALUES (34, 34, 34, 'Magni error voluptatem eaque perferendis sint vero ut tenetur. Voluptatem expedita perspiciatis ut doloremque consectetur aut. Molestiae sed error sequi rerum labore aspernatur.', 1, 0, '1982-04-11 12:35:27');
INSERT INTO `messages` (`id`, `from_user_id`, `to_user_id`, `body`, `important`, `delivered`, `created_at`) VALUES (35, 35, 35, 'Voluptates nostrum ut nam. Amet architecto delectus aut quo recusandae error quasi autem. Veritatis blanditiis error reiciendis reiciendis suscipit adipisci est blanditiis. Non dicta placeat ut dolores autem pariatur beatae.', 0, 1, '1986-04-28 19:11:16');
INSERT INTO `messages` (`id`, `from_user_id`, `to_user_id`, `body`, `important`, `delivered`, `created_at`) VALUES (36, 36, 36, 'Deleniti in magnam pariatur necessitatibus ut. Expedita quibusdam quia vel tempore corporis. Magni sequi est sunt libero cum.', 0, 1, '2002-03-30 21:44:47');
INSERT INTO `messages` (`id`, `from_user_id`, `to_user_id`, `body`, `important`, `delivered`, `created_at`) VALUES (37, 37, 37, 'Quasi est qui laborum animi laudantium iure libero. Nihil reprehenderit maxime et voluptatibus porro exercitationem est. Distinctio perspiciatis consequatur deleniti velit.', 0, 1, '1985-06-05 14:41:20');
INSERT INTO `messages` (`id`, `from_user_id`, `to_user_id`, `body`, `important`, `delivered`, `created_at`) VALUES (38, 38, 38, 'Quaerat reprehenderit eveniet provident nobis cumque voluptates sed. Maxime similique a quis magnam corrupti velit iste. Sit occaecati aut officia mollitia vero provident in.', 1, 1, '1974-12-26 06:29:23');
INSERT INTO `messages` (`id`, `from_user_id`, `to_user_id`, `body`, `important`, `delivered`, `created_at`) VALUES (39, 39, 39, 'Voluptatem ullam perspiciatis iusto est eaque et sit. Impedit qui dicta et quia. Quia itaque numquam omnis magni inventore.', 0, 1, '1997-02-13 20:43:56');
INSERT INTO `messages` (`id`, `from_user_id`, `to_user_id`, `body`, `important`, `delivered`, `created_at`) VALUES (40, 40, 40, 'Eum qui odit iure quod modi impedit impedit. Voluptas natus totam quisquam reprehenderit dolores et. Unde et optio qui recusandae sequi.', 1, 0, '1984-05-12 00:16:51');
INSERT INTO `messages` (`id`, `from_user_id`, `to_user_id`, `body`, `important`, `delivered`, `created_at`) VALUES (41, 41, 41, 'Facilis dicta dicta recusandae velit eligendi dolorem natus. Voluptatem et non provident est autem doloremque deserunt facere. Voluptatum iusto esse delectus.', 0, 0, '2003-03-04 20:20:35');
INSERT INTO `messages` (`id`, `from_user_id`, `to_user_id`, `body`, `important`, `delivered`, `created_at`) VALUES (42, 42, 42, 'Ratione occaecati modi eos dolor tempora est rerum. Et veniam facilis animi aut distinctio reprehenderit. Vel veniam velit suscipit eos. Possimus eaque cum enim minima.', 0, 1, '1986-03-28 16:40:39');
INSERT INTO `messages` (`id`, `from_user_id`, `to_user_id`, `body`, `important`, `delivered`, `created_at`) VALUES (43, 43, 43, 'Accusantium quia similique aut dolores. Aut reprehenderit ut facere rerum harum possimus id. Id voluptatem soluta nulla et aliquam. Atque magnam esse hic beatae. Accusamus nulla totam dolor saepe totam pariatur aliquam.', 1, 1, '2003-05-12 19:51:40');
INSERT INTO `messages` (`id`, `from_user_id`, `to_user_id`, `body`, `important`, `delivered`, `created_at`) VALUES (44, 44, 44, 'Cupiditate ex est nesciunt beatae. Distinctio qui maiores eius eius officiis. Quod dolor vel accusamus accusamus. Vel aperiam sint nisi.', 0, 0, '2005-12-05 06:34:39');
INSERT INTO `messages` (`id`, `from_user_id`, `to_user_id`, `body`, `important`, `delivered`, `created_at`) VALUES (45, 45, 45, 'Sint praesentium et in occaecati dolor recusandae. Omnis aspernatur pariatur quia est magni inventore voluptas. Aut praesentium in error itaque delectus ipsum similique. Dolorem ut et placeat consequatur perferendis reprehenderit inventore perspiciatis.', 1, 0, '1977-02-12 18:39:48');
INSERT INTO `messages` (`id`, `from_user_id`, `to_user_id`, `body`, `important`, `delivered`, `created_at`) VALUES (46, 46, 46, 'Eos tempora molestiae sequi quibusdam fugiat rerum numquam voluptas. Sapiente molestiae eveniet alias dignissimos et sapiente quidem. Harum odio sed animi neque. Culpa nostrum vitae molestiae sed in ea minima.', 0, 0, '1985-07-12 14:12:36');
INSERT INTO `messages` (`id`, `from_user_id`, `to_user_id`, `body`, `important`, `delivered`, `created_at`) VALUES (47, 47, 47, 'Est deserunt sit molestias ea. Enim consequatur voluptatem sed et eum quia aperiam voluptas. Repellat architecto reiciendis aut. Itaque non ratione odit aut sequi sed qui.', 1, 0, '2013-03-31 17:43:41');
INSERT INTO `messages` (`id`, `from_user_id`, `to_user_id`, `body`, `important`, `delivered`, `created_at`) VALUES (48, 48, 48, 'Blanditiis expedita velit dolore eum quasi et. Quasi voluptate aut eum eligendi. Rerum iure nobis voluptatem dolores ipsam magni. Maiores et molestiae quos ut ut qui est. Magni voluptas amet similique accusamus et et.', 0, 0, '1983-08-10 23:52:30');
INSERT INTO `messages` (`id`, `from_user_id`, `to_user_id`, `body`, `important`, `delivered`, `created_at`) VALUES (49, 49, 49, 'Quibusdam placeat quidem sit illo assumenda. Voluptas ut ducimus sequi dignissimos. Quo officia voluptatem tempora sit voluptatem blanditiis repudiandae. Perferendis laboriosam placeat adipisci ad est fuga dolor.', 0, 0, '1991-02-17 13:26:42');
INSERT INTO `messages` (`id`, `from_user_id`, `to_user_id`, `body`, `important`, `delivered`, `created_at`) VALUES (50, 50, 50, 'Aut magnam qui voluptatem iure quo nihil est. Doloribus repellendus aut iusto similique. Sint quibusdam sint neque odit modi. Optio dolores harum soluta voluptatem aperiam aut est.', 0, 1, '1981-08-12 13:09:26');
INSERT INTO `messages` (`id`, `from_user_id`, `to_user_id`, `body`, `important`, `delivered`, `created_at`) VALUES (51, 51, 51, 'Optio suscipit recusandae amet alias a repellat non. Laudantium culpa illo modi voluptatem eum numquam. Molestias molestiae impedit porro non distinctio optio excepturi. Aut quia eius officia qui recusandae.', 0, 0, '2002-11-23 05:20:00');
INSERT INTO `messages` (`id`, `from_user_id`, `to_user_id`, `body`, `important`, `delivered`, `created_at`) VALUES (52, 52, 52, 'Tenetur delectus aliquam eum repudiandae. Quisquam corrupti non et sit nobis quas et. Voluptatem dolores ut tenetur quis. Qui eius fugiat doloribus.', 1, 0, '1970-06-28 17:46:06');
INSERT INTO `messages` (`id`, `from_user_id`, `to_user_id`, `body`, `important`, `delivered`, `created_at`) VALUES (53, 53, 53, 'Reiciendis et quia optio ex maxime nihil. Fuga et odit earum aut odio. Repellendus et deserunt est aliquid quos modi voluptas quaerat. Et quia pariatur repellat qui occaecati dignissimos praesentium.', 0, 1, '1990-10-15 20:23:16');
INSERT INTO `messages` (`id`, `from_user_id`, `to_user_id`, `body`, `important`, `delivered`, `created_at`) VALUES (54, 54, 54, 'Doloremque et nobis inventore natus et aut sed. At commodi atque ut quo. Voluptas rerum dolore aut.', 0, 1, '1979-11-04 09:32:32');
INSERT INTO `messages` (`id`, `from_user_id`, `to_user_id`, `body`, `important`, `delivered`, `created_at`) VALUES (55, 55, 55, 'Vitae pariatur dolorem nihil aut voluptatem est ut non. Iste nobis voluptas nisi rerum deserunt. Expedita voluptatem nostrum sapiente consectetur voluptatem. Iste est quia corrupti dolores dolorem.', 0, 1, '2009-11-02 12:22:37');
INSERT INTO `messages` (`id`, `from_user_id`, `to_user_id`, `body`, `important`, `delivered`, `created_at`) VALUES (56, 56, 56, 'Laudantium qui impedit sit quis laboriosam. Inventore consequatur sit et fugit. Est ut rerum deleniti recusandae. Necessitatibus suscipit est soluta fuga rerum natus.', 0, 1, '1985-06-07 20:19:00');
INSERT INTO `messages` (`id`, `from_user_id`, `to_user_id`, `body`, `important`, `delivered`, `created_at`) VALUES (57, 57, 57, 'Tempore unde dolores consequatur tenetur quia consectetur. Dolore ut et quis.', 0, 0, '2005-04-02 09:08:48');
INSERT INTO `messages` (`id`, `from_user_id`, `to_user_id`, `body`, `important`, `delivered`, `created_at`) VALUES (58, 58, 58, 'Officia est laudantium maxime voluptate porro ut consequatur dolorem. Eum consequatur aut quisquam ab ullam nihil rerum. Omnis rem maxime non doloremque aut ipsa mollitia. Exercitationem sint vel aliquid possimus tempore.', 0, 0, '2000-05-14 21:19:35');
INSERT INTO `messages` (`id`, `from_user_id`, `to_user_id`, `body`, `important`, `delivered`, `created_at`) VALUES (59, 59, 59, 'Commodi aut blanditiis repudiandae dolorem. Sequi harum quia natus quo sit quia amet. Corporis quas fugit fuga architecto.', 0, 1, '2010-06-26 06:27:43');
INSERT INTO `messages` (`id`, `from_user_id`, `to_user_id`, `body`, `important`, `delivered`, `created_at`) VALUES (60, 60, 60, 'Consequuntur fuga quae quod incidunt praesentium adipisci. Perspiciatis eaque recusandae nihil distinctio. Temporibus eum accusantium impedit illum. Quibusdam consequatur expedita aut nostrum rerum aut enim.', 0, 1, '1981-09-12 00:22:22');
INSERT INTO `messages` (`id`, `from_user_id`, `to_user_id`, `body`, `important`, `delivered`, `created_at`) VALUES (61, 61, 61, 'Eligendi non minus velit ut iusto. Magnam consequatur autem asperiores sunt quis dolore. Non cupiditate nihil dolorem et. Velit dolor quo est accusantium mollitia. Dicta omnis tempore est nihil.', 0, 0, '1976-06-27 01:23:29');
INSERT INTO `messages` (`id`, `from_user_id`, `to_user_id`, `body`, `important`, `delivered`, `created_at`) VALUES (62, 62, 62, 'Iure nihil nihil dolorem id. Est qui reprehenderit repudiandae et accusamus repellendus. Et in voluptates error amet eos voluptatum blanditiis.', 1, 1, '1987-06-12 07:29:29');
INSERT INTO `messages` (`id`, `from_user_id`, `to_user_id`, `body`, `important`, `delivered`, `created_at`) VALUES (63, 63, 63, 'Et sed voluptatem commodi possimus quia ad. Earum accusantium assumenda voluptatum sint delectus velit voluptatibus. Ea autem rerum unde ducimus et ipsa fuga aut. Eos voluptate maxime eos corporis quis.', 1, 1, '1985-12-31 17:50:22');
INSERT INTO `messages` (`id`, `from_user_id`, `to_user_id`, `body`, `important`, `delivered`, `created_at`) VALUES (64, 64, 64, 'Facere assumenda doloribus numquam esse nostrum tenetur rerum. Consequatur eos distinctio libero ipsum ut mollitia dolor est. Ut sunt temporibus iure. Dolorum adipisci non dolorem laborum.', 0, 1, '1996-11-15 07:17:10');
INSERT INTO `messages` (`id`, `from_user_id`, `to_user_id`, `body`, `important`, `delivered`, `created_at`) VALUES (65, 65, 65, 'Sunt sint eos ut eos facilis hic et. Facere voluptatem et consequatur harum optio id. Fugiat ipsum cupiditate accusantium eligendi.', 0, 0, '1997-08-20 05:43:57');
INSERT INTO `messages` (`id`, `from_user_id`, `to_user_id`, `body`, `important`, `delivered`, `created_at`) VALUES (66, 66, 66, 'Quos voluptatem voluptatem et odit. Molestiae voluptatem qui dolorem perferendis magni reiciendis exercitationem. Debitis nemo et eaque nobis.', 0, 0, '1989-04-08 04:09:11');
INSERT INTO `messages` (`id`, `from_user_id`, `to_user_id`, `body`, `important`, `delivered`, `created_at`) VALUES (67, 67, 67, 'Accusamus ipsam soluta illum. Voluptas ut provident ut exercitationem. Qui nisi eius id debitis aut deleniti voluptatibus. Harum quisquam vel officia.', 0, 0, '1975-05-09 22:37:05');
INSERT INTO `messages` (`id`, `from_user_id`, `to_user_id`, `body`, `important`, `delivered`, `created_at`) VALUES (68, 68, 68, 'Quasi et dignissimos blanditiis enim dignissimos ut ex. Unde dolorum eos recusandae sit dignissimos minus dolor autem. Vel ea ut labore consequatur autem. Suscipit vero odio tempora soluta.', 1, 0, '2004-08-11 05:32:08');
INSERT INTO `messages` (`id`, `from_user_id`, `to_user_id`, `body`, `important`, `delivered`, `created_at`) VALUES (69, 69, 69, 'Sed quas minus qui deleniti dolorem voluptates maxime. Blanditiis sed et ut minus nisi. Incidunt architecto facilis et molestiae quis eaque praesentium. Atque mollitia ut voluptatum dignissimos nam.', 1, 1, '2018-11-19 17:04:59');
INSERT INTO `messages` (`id`, `from_user_id`, `to_user_id`, `body`, `important`, `delivered`, `created_at`) VALUES (70, 70, 70, 'Esse illum et et consequuntur sapiente placeat est. Dolorem et officiis voluptatem neque sunt. Est ipsam quam aliquam.', 0, 1, '1997-10-24 07:28:58');
INSERT INTO `messages` (`id`, `from_user_id`, `to_user_id`, `body`, `important`, `delivered`, `created_at`) VALUES (71, 71, 71, 'Omnis commodi et facilis qui voluptatem ad dolor. Et labore porro placeat molestias.', 1, 1, '2004-04-19 04:29:37');
INSERT INTO `messages` (`id`, `from_user_id`, `to_user_id`, `body`, `important`, `delivered`, `created_at`) VALUES (72, 72, 72, 'Velit sit et mollitia recusandae minima. Aut aliquid et minima quia perferendis maiores pariatur. Deserunt nihil optio ipsam sapiente.', 0, 1, '2016-01-15 22:16:07');
INSERT INTO `messages` (`id`, `from_user_id`, `to_user_id`, `body`, `important`, `delivered`, `created_at`) VALUES (73, 73, 73, 'Labore ut et rerum et iure molestiae magni suscipit. Nobis fugiat rem repudiandae aut fugiat adipisci magnam quas. Similique nihil veritatis dolores cum iure. Quia nam officiis fugit et culpa.', 0, 0, '2018-07-07 06:14:35');
INSERT INTO `messages` (`id`, `from_user_id`, `to_user_id`, `body`, `important`, `delivered`, `created_at`) VALUES (74, 74, 74, 'Accusantium optio eum dicta exercitationem quae exercitationem. Doloribus officiis qui quis quod. Non voluptates repellat non veritatis possimus ratione.', 0, 1, '1971-01-19 03:48:14');
INSERT INTO `messages` (`id`, `from_user_id`, `to_user_id`, `body`, `important`, `delivered`, `created_at`) VALUES (75, 75, 75, 'Est odit laudantium culpa aut ipsum cum. Consequuntur vel pariatur sit minus consequuntur atque consectetur. Harum non totam suscipit quos. Quidem placeat culpa atque.', 0, 0, '2009-09-28 18:01:38');
INSERT INTO `messages` (`id`, `from_user_id`, `to_user_id`, `body`, `important`, `delivered`, `created_at`) VALUES (76, 76, 76, 'Impedit quidem est modi eius est voluptate et. Dolorem eius harum blanditiis quia culpa quis. Facere et dolorem asperiores provident dolorem eos molestiae nemo. Ut beatae et nesciunt non illo velit.', 0, 1, '1997-03-20 22:02:29');
INSERT INTO `messages` (`id`, `from_user_id`, `to_user_id`, `body`, `important`, `delivered`, `created_at`) VALUES (77, 77, 77, 'Dicta rerum debitis earum soluta enim ut. Excepturi enim at et consequatur quia. Optio perspiciatis officiis sunt. Adipisci veniam voluptatem temporibus et nulla corrupti.', 1, 0, '1979-11-14 02:31:42');
INSERT INTO `messages` (`id`, `from_user_id`, `to_user_id`, `body`, `important`, `delivered`, `created_at`) VALUES (78, 78, 78, 'Qui reprehenderit est quam cum eum repudiandae reprehenderit nobis. Et similique voluptas omnis facere voluptates.', 0, 1, '2014-08-12 12:18:55');
INSERT INTO `messages` (`id`, `from_user_id`, `to_user_id`, `body`, `important`, `delivered`, `created_at`) VALUES (79, 79, 79, 'Autem vel in animi eum. Laboriosam vel ut amet quibusdam aliquid. Minima earum labore non consequuntur repudiandae. Rerum voluptas ut rerum ut.', 1, 0, '1996-06-09 05:51:55');
INSERT INTO `messages` (`id`, `from_user_id`, `to_user_id`, `body`, `important`, `delivered`, `created_at`) VALUES (80, 80, 80, 'Et assumenda temporibus enim excepturi. Vero quia laborum dolor neque voluptas ducimus. Facilis odit ducimus dolor ullam. Hic doloribus rerum reprehenderit et.', 1, 0, '1995-04-11 21:10:47');
INSERT INTO `messages` (`id`, `from_user_id`, `to_user_id`, `body`, `important`, `delivered`, `created_at`) VALUES (81, 81, 81, 'Et aut aperiam quasi odio porro et. Aut eum id inventore eum voluptatum fugit.', 1, 1, '2009-12-10 00:03:25');
INSERT INTO `messages` (`id`, `from_user_id`, `to_user_id`, `body`, `important`, `delivered`, `created_at`) VALUES (82, 82, 82, 'Aperiam autem saepe architecto voluptatum incidunt qui sapiente ducimus. Et non possimus enim explicabo. Beatae et labore cumque minima.', 0, 0, '1991-04-20 11:10:19');
INSERT INTO `messages` (`id`, `from_user_id`, `to_user_id`, `body`, `important`, `delivered`, `created_at`) VALUES (83, 83, 83, 'Magnam voluptas repudiandae distinctio voluptas laudantium ut. Et ut et qui temporibus. Et at architecto et ipsam. Excepturi accusamus placeat debitis a.', 0, 1, '2019-07-31 02:38:33');
INSERT INTO `messages` (`id`, `from_user_id`, `to_user_id`, `body`, `important`, `delivered`, `created_at`) VALUES (84, 84, 84, 'Soluta sint veniam occaecati magnam veniam perferendis. Molestias quasi qui animi fuga.', 0, 0, '2004-03-02 18:21:24');
INSERT INTO `messages` (`id`, `from_user_id`, `to_user_id`, `body`, `important`, `delivered`, `created_at`) VALUES (85, 85, 85, 'Et et et non voluptatem. Omnis quia error quia nihil cumque. Omnis vitae similique voluptatem itaque eius impedit assumenda.', 0, 1, '2002-01-17 05:16:48');
INSERT INTO `messages` (`id`, `from_user_id`, `to_user_id`, `body`, `important`, `delivered`, `created_at`) VALUES (86, 86, 86, 'Autem qui inventore voluptatibus velit autem. Enim at vel hic. Officia qui sit aut.', 0, 1, '1972-03-07 20:23:18');
INSERT INTO `messages` (`id`, `from_user_id`, `to_user_id`, `body`, `important`, `delivered`, `created_at`) VALUES (87, 87, 87, 'Sit qui aliquam necessitatibus non in aspernatur dignissimos. Fuga sapiente at et quisquam quaerat quae reprehenderit. Tempora aut libero autem dolores. Porro vel corporis nisi ut nesciunt voluptas temporibus ut.', 0, 0, '2003-08-13 19:07:19');
INSERT INTO `messages` (`id`, `from_user_id`, `to_user_id`, `body`, `important`, `delivered`, `created_at`) VALUES (88, 88, 88, 'Sed expedita cumque voluptatem necessitatibus error libero. Ipsum fugiat soluta qui aut. Mollitia voluptas magnam explicabo minima odit consequatur officiis. Dolorem ad omnis et enim est.', 1, 1, '2014-03-17 20:54:21');
INSERT INTO `messages` (`id`, `from_user_id`, `to_user_id`, `body`, `important`, `delivered`, `created_at`) VALUES (89, 89, 89, 'Aut qui voluptates dolorem suscipit perspiciatis ut a. Impedit iure labore impedit aperiam adipisci ut. Adipisci quis alias qui aut. Velit aut dolorum sunt. Dolor id fuga tempora sint.', 0, 1, '1991-08-14 01:03:19');
INSERT INTO `messages` (`id`, `from_user_id`, `to_user_id`, `body`, `important`, `delivered`, `created_at`) VALUES (90, 90, 90, 'Asperiores voluptatem doloremque tenetur natus illum. Dolore placeat tenetur iure esse voluptates est aut. Molestiae quia blanditiis culpa pariatur. Eos non commodi ab dolores.', 0, 1, '1982-04-24 09:36:50');
INSERT INTO `messages` (`id`, `from_user_id`, `to_user_id`, `body`, `important`, `delivered`, `created_at`) VALUES (91, 91, 91, 'Tempora dolores excepturi sequi ut est est sit. Ab pariatur voluptas qui est. Aut atque qui cum dolor error cum ullam.', 0, 1, '1979-01-26 00:54:00');
INSERT INTO `messages` (`id`, `from_user_id`, `to_user_id`, `body`, `important`, `delivered`, `created_at`) VALUES (92, 92, 92, 'Consequatur voluptatem dolorum aperiam rem et quos. Iusto deserunt natus qui. Hic excepturi inventore nesciunt eum excepturi possimus. Quia minima eos dolores doloribus vel soluta laborum. Voluptas ut aut voluptatem voluptate harum nemo.', 1, 1, '2003-06-19 16:36:29');
INSERT INTO `messages` (`id`, `from_user_id`, `to_user_id`, `body`, `important`, `delivered`, `created_at`) VALUES (93, 93, 93, 'Est quo odio ut error voluptas odit. Magni consequatur libero sapiente aut. Ab corrupti est quae delectus. Deserunt numquam et exercitationem in.', 0, 1, '2017-08-17 00:00:37');
INSERT INTO `messages` (`id`, `from_user_id`, `to_user_id`, `body`, `important`, `delivered`, `created_at`) VALUES (94, 94, 94, 'Magni consequatur facilis quas aperiam voluptas. Non aliquam nisi placeat consequatur nesciunt illum. Eum in quis odit eius et mollitia doloribus.', 1, 1, '1988-12-25 21:47:57');
INSERT INTO `messages` (`id`, `from_user_id`, `to_user_id`, `body`, `important`, `delivered`, `created_at`) VALUES (95, 95, 95, 'Aliquam qui ad et est. Nesciunt sint temporibus assumenda officia non a. Dolore soluta quis eaque reiciendis voluptatem non.', 1, 1, '1970-09-22 05:42:29');
INSERT INTO `messages` (`id`, `from_user_id`, `to_user_id`, `body`, `important`, `delivered`, `created_at`) VALUES (96, 96, 96, 'Et voluptate possimus alias illo ratione voluptatem commodi. Iste id sit qui quod ratione. Quo possimus excepturi doloremque reiciendis iusto commodi ratione.', 0, 1, '1978-10-24 04:23:30');
INSERT INTO `messages` (`id`, `from_user_id`, `to_user_id`, `body`, `important`, `delivered`, `created_at`) VALUES (97, 97, 97, 'Sapiente explicabo dolorem reprehenderit voluptatem soluta temporibus. Officiis quo voluptatem veritatis. Iusto id amet sed ab fuga. Est aut cumque voluptatum error minus laborum earum.', 1, 0, '2013-07-19 14:30:18');
INSERT INTO `messages` (`id`, `from_user_id`, `to_user_id`, `body`, `important`, `delivered`, `created_at`) VALUES (98, 98, 98, 'Et qui dicta sapiente voluptas est aliquam nihil dolore. Porro aut dolor quis. Modi a dolore officia animi.', 0, 0, '2005-02-16 05:23:31');
INSERT INTO `messages` (`id`, `from_user_id`, `to_user_id`, `body`, `important`, `delivered`, `created_at`) VALUES (99, 99, 99, 'Eligendi magni iure ut et iusto molestias dolorum. Totam dolores tempore quaerat et et dignissimos sunt. Velit ut eligendi eos inventore et quia. Laudantium blanditiis et eligendi exercitationem.', 0, 0, '2010-07-07 09:44:36');
INSERT INTO `messages` (`id`, `from_user_id`, `to_user_id`, `body`, `important`, `delivered`, `created_at`) VALUES (100, 100, 100, 'Enim veniam fuga voluptatem qui officia ipsum. Adipisci molestiae est ut aut. Iste perferendis accusamus reiciendis consequatur deleniti.', 1, 1, '2000-05-20 07:49:46');


#
# TABLE STRUCTURE FOR: posts
#

DROP TABLE IF EXISTS `posts`;

CREATE TABLE `posts` (
  `id` int(10) unsigned NOT NULL AUTO_INCREMENT,
  `user_id` int(10) unsigned NOT NULL,
  `head` text COLLATE utf8_unicode_ci NOT NULL,
  `metadata` longtext CHARACTER SET utf8mb4 COLLATE utf8mb4_bin DEFAULT NULL,
  `created_at` datetime DEFAULT current_timestamp(),
  `updated_at` datetime DEFAULT current_timestamp() ON UPDATE current_timestamp(),
  PRIMARY KEY (`id`)
) ENGINE=InnoDB AUTO_INCREMENT=101 DEFAULT CHARSET=utf8 COLLATE=utf8_unicode_ci;

INSERT INTO `posts` (`id`, `user_id`, `head`, `metadata`, `created_at`, `updated_at`) VALUES (1, 1, 'Exercitationem quaerat aut quo ut ut aut. Corrupti sequi quo voluptatem ut id architecto. Quo aliquid ullam ex reiciendis qui. Est inventore corrupti non ullam delectus unde.', 'Would the fall was over. However, when they passed too close, and waving their forepaws to mark the time, while the Mouse was bristling all over, and both creatures hid their faces in their proper.', '2007-01-02 09:12:37', '2014-01-16 02:01:53');
INSERT INTO `posts` (`id`, `user_id`, `head`, `metadata`, `created_at`, `updated_at`) VALUES (2, 2, 'Qui error sed necessitatibus est nisi. Enim consequatur odit sit ab aliquam dolores deleniti. Vero veritatis et totam aliquid voluptatibus voluptatem dolorem et. Id corporis consequuntur non ea voluptate.', 'Gryphon. \'Of course,\' the Dodo replied very readily: \'but that\'s because it stays the same age as herself, to see it trying in a low voice. \'Not at all,\' said the Hatter; \'so I should understand.', '1973-06-11 19:49:15', '1979-08-09 04:35:19');
INSERT INTO `posts` (`id`, `user_id`, `head`, `metadata`, `created_at`, `updated_at`) VALUES (3, 3, 'Inventore sit dignissimos est fuga. Doloremque voluptas labore praesentium dolorem est. In molestiae qui maiores sunt voluptatem non.', 'Either the well was very hot, she kept tossing the baby with some difficulty, as it turned round and look up in such a rule at processions; \'and besides, what would happen next. The first thing she.', '1996-12-10 23:48:08', '1987-06-19 10:15:07');
INSERT INTO `posts` (`id`, `user_id`, `head`, `metadata`, `created_at`, `updated_at`) VALUES (4, 4, 'Culpa quae et amet et dolore ut error et. Et cum placeat praesentium ex officiis amet. Totam at possimus aut qui quia earum id aut.', 'Soo--oop! Beau--ootiful Soo--oop! Soo--oop of the song, she kept fanning herself all the first position in which case it would be like, \'--for they haven\'t got much evidence YET,\' she said this, she.', '1972-05-19 10:03:03', '2002-12-03 17:55:32');
INSERT INTO `posts` (`id`, `user_id`, `head`, `metadata`, `created_at`, `updated_at`) VALUES (5, 5, 'Molestias quis porro sed praesentium architecto. Modi necessitatibus rerum repellat necessitatibus tempore. Architecto sed odit quia illum quidem in a.', 'Allow me to sell you a present of everything I\'ve said as yet.\' \'A cheap sort of present!\' thought Alice. The King and Queen of Hearts were seated on their faces, and the pair of the trees upon her.', '1970-10-06 09:51:01', '1981-01-06 16:46:35');
INSERT INTO `posts` (`id`, `user_id`, `head`, `metadata`, `created_at`, `updated_at`) VALUES (6, 6, 'Quod expedita quasi fuga labore deleniti sint. Facere expedita voluptate at deleniti nihil nisi quibusdam. Et voluptas minus minus inventore. At quis quae dignissimos ad aspernatur recusandae.', 'Hatter; \'so I should think!\' (Dinah was the cat.) \'I hope they\'ll remember her saucer of milk at tea-time. Dinah my dear! Let this be a very melancholy voice. \'Repeat, \"YOU ARE OLD, FATHER.', '1993-12-17 04:42:07', '2016-09-14 23:57:29');
INSERT INTO `posts` (`id`, `user_id`, `head`, `metadata`, `created_at`, `updated_at`) VALUES (7, 7, 'Molestiae vel velit est consequatur aut. Sit amet fugit est labore voluptatem. Voluptates distinctio qui repellat et veniam consectetur ducimus. Facere nihil quia voluptatem perspiciatis nulla. Est dolores molestias aut vitae magnam voluptas nihil sit.', 'Why, there\'s hardly enough of it at last, and managed to swallow a morsel of the Lobster Quadrille, that she began nursing her child again, singing a sort of chance of this, so that it might tell.', '1997-07-19 07:05:58', '2006-09-09 06:12:38');
INSERT INTO `posts` (`id`, `user_id`, `head`, `metadata`, `created_at`, `updated_at`) VALUES (8, 8, 'Similique sed nisi sapiente. Rerum qui adipisci nisi ab. Magni ipsum iusto sequi iure impedit. Optio praesentium quod quo esse vero.', 'I mean what I could show you our cat Dinah: I think it was,\' the March Hare will be the right words,\' said poor Alice, who felt ready to ask the question?\' said the Hatter, it woke up again with a.', '2018-09-15 06:21:55', '1974-06-13 10:49:11');
INSERT INTO `posts` (`id`, `user_id`, `head`, `metadata`, `created_at`, `updated_at`) VALUES (9, 9, 'Eligendi ipsa libero magni officia architecto asperiores. Quaerat beatae fugiat similique aperiam voluptatem sit tenetur. Quia tempore aliquid id veritatis numquam sed sapiente. Et vel qui ea voluptas ut nihil aliquam. Molestiae dolorem est omnis mollitia distinctio omnis.', 'Queen, and Alice, were in custody and under sentence of execution.\' \'What for?\' said Alice. \'I\'m glad they\'ve begun asking riddles.--I believe I can do no more, whatever happens. What WILL become of.', '1981-03-13 03:06:30', '2011-02-14 03:05:56');
INSERT INTO `posts` (`id`, `user_id`, `head`, `metadata`, `created_at`, `updated_at`) VALUES (10, 10, 'Possimus nulla molestiae officiis incidunt et eos minus. Autem doloremque perferendis possimus. Dolor velit earum dolor sit impedit ipsa quidem. Eum nobis corporis tempore labore et autem. Est id omnis vitae ex sit aut.', 'Forty-two. ALL PERSONS MORE THAN A MILE HIGH TO LEAVE THE COURT.\' Everybody looked at Alice. \'It must have been changed for Mabel! I\'ll try if I shall be punished for it flashed across her mind that.', '2002-02-22 20:28:23', '1986-05-06 07:49:45');
INSERT INTO `posts` (`id`, `user_id`, `head`, `metadata`, `created_at`, `updated_at`) VALUES (11, 11, 'Possimus voluptatibus suscipit neque sit cum rerum. Quia temporibus quis ab porro rerum sed quam deleniti. Perspiciatis pariatur beatae non autem omnis sed rerum quod. Rem officiis harum est consequatur.', 'The Gryphon sat up and beg for its dinner, and all must have imitated somebody else\'s hand,\' said the Dodo, \'the best way you have just been picked up.\' \'What\'s in it?\' said the Mock Turtle in a.', '2015-08-26 16:23:26', '2005-11-17 03:17:30');
INSERT INTO `posts` (`id`, `user_id`, `head`, `metadata`, `created_at`, `updated_at`) VALUES (12, 12, 'Veniam qui aut est accusantium eos doloribus. Illum possimus deleniti et rem dignissimos. Beatae pariatur et voluptas et quia eligendi et.', 'Cat, \'or you wouldn\'t squeeze so.\' said the Queen, and Alice, were in custody and under sentence of execution. Then the Queen had only one way up as the hall was very likely to eat or drink under.', '2015-04-14 13:24:10', '2008-09-13 21:37:19');
INSERT INTO `posts` (`id`, `user_id`, `head`, `metadata`, `created_at`, `updated_at`) VALUES (13, 13, 'Sed assumenda quam tempore et voluptatem eveniet necessitatibus. Reprehenderit inventore et sint impedit quia sit. Unde facere possimus qui doloremque quo veniam rerum tempora. Quia qui est quam ea sunt.', 'The other side of the busy farm-yard--while the lowing of the jury had a bone in his turn; and both the hedgehogs were out of their wits!\' So she stood watching them, and the beak-- Pray how did you.', '2003-09-15 20:32:16', '1981-07-04 05:46:03');
INSERT INTO `posts` (`id`, `user_id`, `head`, `metadata`, `created_at`, `updated_at`) VALUES (14, 14, 'Vel maxime voluptatibus sint sit natus et. Modi aut distinctio sed voluptas. Suscipit consectetur modi incidunt sed. Unde sunt sit consectetur similique.', 'Dormouse into the darkness as hard as it turned round and get ready for your interesting story,\' but she added, \'and the moral of that dark hall, and close to her, so she set the little door was.', '2018-11-04 04:05:21', '1971-05-12 01:57:15');
INSERT INTO `posts` (`id`, `user_id`, `head`, `metadata`, `created_at`, `updated_at`) VALUES (15, 15, 'Id doloremque quidem quo voluptatibus aut at reprehenderit. Voluptatibus est enim eligendi qui cupiditate ut. Numquam soluta necessitatibus saepe minus.', 'I\'ll set Dinah at you!\' There was a paper label, with the bones and the second time round, she came up to her usual height. It was so much into the court, without even waiting to put the hookah out.', '1990-06-18 16:26:38', '1998-01-12 14:14:01');
INSERT INTO `posts` (`id`, `user_id`, `head`, `metadata`, `created_at`, `updated_at`) VALUES (16, 16, 'Molestias voluptatibus corrupti cumque aut minus. Perferendis consequatur ut et voluptatem nobis. Sed assumenda consequatur ab nobis odio distinctio. Amet illum minus possimus tempore sit consequuntur dolorem.', 'I don\'t put my arm round your waist,\' the Duchess and the Queen put on his knee, and looking at the March Hare will be When they take us up and leave the room, when her eye fell on a little of her.', '1971-02-24 02:38:59', '2010-10-06 14:37:32');
INSERT INTO `posts` (`id`, `user_id`, `head`, `metadata`, `created_at`, `updated_at`) VALUES (17, 17, 'Est voluptas vel voluptate rerum ut beatae asperiores. Occaecati quia at laborum qui aperiam animi. Et harum quod id et sed. Nam cumque dolores in dolores illum totam.', 'Cat, \'or you wouldn\'t have come here.\' Alice didn\'t think that will be much the most confusing thing I ever heard!\' \'Yes, I think that very few things indeed were really impossible. There seemed to.', '1984-03-31 12:26:54', '1982-06-07 22:51:10');
INSERT INTO `posts` (`id`, `user_id`, `head`, `metadata`, `created_at`, `updated_at`) VALUES (18, 18, 'Doloremque sapiente aliquid amet neque quo. Nam aperiam quos ea esse qui voluptas quia. Recusandae rerum vitae optio esse. Expedita iure possimus optio sed consequuntur.', 'I used to say which), and they sat down, and nobody spoke for some time after the candle is blown out, for she thought, and it put more simply--\"Never imagine yourself not to be an advantage,\' said.', '1986-05-16 22:25:05', '2006-06-16 22:47:11');
INSERT INTO `posts` (`id`, `user_id`, `head`, `metadata`, `created_at`, `updated_at`) VALUES (19, 19, 'Placeat culpa omnis consequatur aut. Iste cumque corrupti cupiditate optio earum et id saepe. Consequuntur optio culpa eos quidem ipsa veniam deleniti.', 'It looked good-natured, she thought: still it was certainly English. \'I don\'t think they play at all comfortable, and it set to work, and very soon found out that one of the window, and one foot to.', '1975-12-31 01:49:46', '1989-02-12 01:39:45');
INSERT INTO `posts` (`id`, `user_id`, `head`, `metadata`, `created_at`, `updated_at`) VALUES (20, 20, 'Aspernatur et aut officia odio. Dolorum placeat excepturi error. Accusantium commodi eum aspernatur officia eveniet sed iure.', 'Oh, my dear paws! Oh my dear Dinah! I wonder what I say,\' the Mock Turtle, who looked at Two. Two began in a tone of delight, and rushed at the bottom of a well?\' The Dormouse slowly opened his eyes.', '2009-12-20 06:49:03', '1984-06-19 22:04:11');
INSERT INTO `posts` (`id`, `user_id`, `head`, `metadata`, `created_at`, `updated_at`) VALUES (21, 21, 'Tempora rerum id magni expedita error. Cum deserunt sit ipsam laborum. Rerum deleniti est quia id eum distinctio.', 'Adventures of hers would, in the sky. Alice went on, \'--likely to win, that it\'s hardly worth while finishing the game.\' The Queen turned crimson with fury, and, after folding his arms and legs in.', '1998-01-08 21:44:42', '2016-01-24 20:27:21');
INSERT INTO `posts` (`id`, `user_id`, `head`, `metadata`, `created_at`, `updated_at`) VALUES (22, 22, 'Nemo quidem veritatis atque cupiditate. Et aut totam modi est. A atque quisquam similique a.', 'I can\'t quite follow it as far down the chimney close above her: then, saying to herself \'Now I can kick a little!\' She drew her foot slipped, and in another moment down went Alice after it, and.', '2000-03-26 20:53:01', '1988-08-13 10:58:28');
INSERT INTO `posts` (`id`, `user_id`, `head`, `metadata`, `created_at`, `updated_at`) VALUES (23, 23, 'Quis et qui nihil ut. Quo et modi deleniti saepe iusto quod. Consequatur incidunt aut repellendus et dicta dolorem possimus. Cumque et vel cumque amet delectus consequatur accusantium.', 'I shan\'t grow any more--As it is, I can\'t get out again. That\'s all.\' \'Thank you,\' said the Cat, as soon as the rest were quite silent, and looked at her, and the Gryphon said to the game. CHAPTER.', '1996-02-14 19:58:05', '1993-11-19 03:04:44');
INSERT INTO `posts` (`id`, `user_id`, `head`, `metadata`, `created_at`, `updated_at`) VALUES (24, 24, 'Et alias exercitationem ullam. Nihil iusto quia voluptatem in aut. Nisi magni quia ea velit eius quod nihil.', 'Tortoise--\' \'Why did you manage on the shingle--will you come and join the dance? \"You can really have no sort of meaning in it,\' but none of YOUR adventures.\' \'I could tell you my history, and.', '2014-08-08 17:18:20', '2003-05-18 08:07:07');
INSERT INTO `posts` (`id`, `user_id`, `head`, `metadata`, `created_at`, `updated_at`) VALUES (25, 25, 'Hic earum beatae quia architecto enim. Aut nemo et molestias unde aut. Facilis quis qui et dolores ea non ipsa sint. Eveniet aliquam suscipit vitae sapiente quos vel.', 'I can\'t understand it myself to begin with.\' \'A barrowful will do, to begin with,\' said the Hatter. \'Does YOUR watch tell you just now what the moral of that is--\"Be what you mean,\' the March Hare.', '1990-09-28 19:06:03', '1981-02-19 02:57:46');
INSERT INTO `posts` (`id`, `user_id`, `head`, `metadata`, `created_at`, `updated_at`) VALUES (26, 26, 'Id quis ut nostrum maxime. Ut et excepturi voluptatibus alias est ea consequatur. Maxime qui nulla quod nam aut dolorem provident. Iure commodi culpa delectus.', 'King in a melancholy way, being quite unable to move. She soon got it out into the air, I\'m afraid, sir\' said Alice, \'a great girl like you,\' (she might well say this), \'to go on for some time.', '1985-03-17 01:22:56', '2012-12-14 22:58:17');
INSERT INTO `posts` (`id`, `user_id`, `head`, `metadata`, `created_at`, `updated_at`) VALUES (27, 27, 'Omnis adipisci in voluptatem qui dolor veritatis. Aliquid et aut molestiae accusantium omnis.', 'VERY tired of swimming about here, O Mouse!\' (Alice thought this a very difficult game indeed. The players all played at once set to partners--\' \'--change lobsters, and retire in same order,\'.', '2003-02-11 14:28:22', '2016-11-23 06:56:06');
INSERT INTO `posts` (`id`, `user_id`, `head`, `metadata`, `created_at`, `updated_at`) VALUES (28, 28, 'Amet amet quibusdam nemo ullam tempore. Reprehenderit sint doloremque et expedita maxime rem.', 'Dormouse, and repeated her question. \'Why did you ever saw. How she longed to get into that lovely garden. First, however, she again heard a little before she came in with the Dormouse. \'Don\'t talk.', '1977-12-05 00:26:09', '1982-10-04 03:31:57');
INSERT INTO `posts` (`id`, `user_id`, `head`, `metadata`, `created_at`, `updated_at`) VALUES (29, 29, 'Ut dolorem quis laboriosam quo. Deserunt beatae nam sit ipsum. Quibusdam ea maxime velit quaerat. Illo ut alias iusto.', 'She ate a little nervous about it while the rest waited in silence. Alice noticed with some surprise that the pebbles were all crowded round it, panting, and asking, \'But who is to find that her.', '1988-09-04 22:37:53', '1991-03-24 03:56:42');
INSERT INTO `posts` (`id`, `user_id`, `head`, `metadata`, `created_at`, `updated_at`) VALUES (30, 30, 'Odit omnis nesciunt labore doloremque delectus. Esse amet cumque pariatur nobis.', 'Alice started to her ear. \'You\'re thinking about something, my dear, I think?\' \'I had NOT!\' cried the Mouse, sharply and very soon finished off the mushroom, and crawled away in the pool was getting.', '2012-03-14 07:34:32', '2017-01-08 13:33:52');
INSERT INTO `posts` (`id`, `user_id`, `head`, `metadata`, `created_at`, `updated_at`) VALUES (31, 31, 'Eius fugit autem perferendis temporibus sit distinctio hic. Provident corrupti corrupti consectetur dolores sed aliquam in. A sapiente ullam qui sed sunt sint. Commodi dicta architecto quia quia enim in iure.', 'Time!\' \'Perhaps not,\' Alice replied very gravely. \'What else have you got in your pocket?\' he went on at last, and they lived at the top with its wings. \'Serpent!\' screamed the Pigeon. \'I can tell.', '1981-06-11 00:56:45', '1983-12-03 15:32:15');
INSERT INTO `posts` (`id`, `user_id`, `head`, `metadata`, `created_at`, `updated_at`) VALUES (32, 32, 'Soluta optio et non et. Aut aut eveniet autem et sint qui soluta. Rerum officiis eligendi odio et neque. Necessitatibus sed qui non perferendis.', 'Gryphon, and the Hatter instead!\' CHAPTER VII. A Mad Tea-Party There was not even get her head through the door, she found it made no mark; but he now hastily began again, using the ink, that was.', '1995-11-03 22:37:13', '1975-03-15 06:28:23');
INSERT INTO `posts` (`id`, `user_id`, `head`, `metadata`, `created_at`, `updated_at`) VALUES (33, 33, 'Enim qui laborum nemo aperiam quia ea. Quisquam distinctio maxime ullam dignissimos similique. Aut atque vel rerum porro. Ducimus omnis eius facere ex voluptas perferendis.', 'Alice, feeling very curious sensation, which puzzled her a good opportunity for showing off her unfortunate guests to execution--once more the shriek of the evening, beautiful Soup! \'Beautiful Soup!.', '2013-02-16 10:59:37', '1972-09-28 03:01:21');
INSERT INTO `posts` (`id`, `user_id`, `head`, `metadata`, `created_at`, `updated_at`) VALUES (34, 34, 'Quo temporibus praesentium voluptatum cum asperiores totam. Et sit omnis ut est quis omnis aspernatur dolorum. Similique unde velit non et. Possimus sit provident vel tenetur sapiente sunt.', 'WOULD twist itself round and round the refreshments!\' But there seemed to be seen--everything seemed to be seen: she found it so yet,\' said the King exclaimed, turning to the company generally, \'You.', '2007-11-15 12:10:01', '2012-03-08 22:51:57');
INSERT INTO `posts` (`id`, `user_id`, `head`, `metadata`, `created_at`, `updated_at`) VALUES (35, 35, 'Ut vitae voluptatum nam. Qui et repellat labore vero itaque sit aut.', 'I could show you our cat Dinah: I think that very few little girls of her childhood: and how she was nine feet high, and her face like the Queen?\' said the Dormouse; \'VERY ill.\' Alice tried to open.', '1976-04-17 16:25:53', '2008-05-13 01:08:02');
INSERT INTO `posts` (`id`, `user_id`, `head`, `metadata`, `created_at`, `updated_at`) VALUES (36, 36, 'Ut aut delectus non sunt. Ipsum velit eos nulla nihil suscipit eos. Consequuntur delectus nobis quo modi cum ratione.', 'Queen of Hearts, and I had to fall upon Alice, as she came rather late, and the three gardeners instantly threw themselves flat upon their faces. There was a large pigeon had flown into her face,.', '1980-05-28 19:43:55', '1987-10-10 13:54:51');
INSERT INTO `posts` (`id`, `user_id`, `head`, `metadata`, `created_at`, `updated_at`) VALUES (37, 37, 'Cumque voluptates quo quidem. Expedita voluptatem et eveniet nostrum omnis. Optio et iusto dolorem repellendus ducimus dolores.', 'I can listen all day about it!\' and he wasn\'t going to begin at HIS time of life. The King\'s argument was, that she tipped over the fire, licking her paws and washing her face--and she is only a.', '1973-10-04 22:28:21', '2008-01-31 03:58:15');
INSERT INTO `posts` (`id`, `user_id`, `head`, `metadata`, `created_at`, `updated_at`) VALUES (38, 38, 'Omnis ex quos necessitatibus impedit. Assumenda unde laboriosam eaque odit deleniti placeat eum. Quo quos eum rem ipsum voluptatem sit. Quo quos enim officia voluptas.', 'I never was so much about a foot high: then she heard a little door was shut again, and looking at them with one elbow against the roof of the Lobster; I heard him declare, \"You have baked me too.', '1991-01-30 00:49:19', '1978-03-27 12:16:46');
INSERT INTO `posts` (`id`, `user_id`, `head`, `metadata`, `created_at`, `updated_at`) VALUES (39, 39, 'Exercitationem quia sed placeat et qui. Et veniam id architecto dolor non dolores ut fuga. Quo quia ab et voluptas debitis.', 'Why, she\'ll eat a bat?\' when suddenly, thump! thump! down she came rather late, and the reason is--\' here the conversation dropped, and the baby--the fire-irons came first; then followed a shower of.', '2004-04-28 04:47:40', '2011-06-29 15:47:35');
INSERT INTO `posts` (`id`, `user_id`, `head`, `metadata`, `created_at`, `updated_at`) VALUES (40, 40, 'Libero earum id eos distinctio sint quisquam. Voluptates qui earum ut explicabo aspernatur. Aut autem voluptates quis in odit aut est assumenda. Voluptas maxime quis nihil voluptatem.', 'Dormouse shall!\' they both bowed low, and their slates and pencils had been running half an hour or so, and were resting in the sea, \'and in that ridiculous fashion.\' And he got up and walking off.', '2002-08-29 22:55:19', '2002-06-26 22:21:08');
INSERT INTO `posts` (`id`, `user_id`, `head`, `metadata`, `created_at`, `updated_at`) VALUES (41, 41, 'Et et velit cum nulla iusto eum. Aut et molestiae non sunt adipisci quis ut. Dolores eligendi sunt veritatis qui molestiae vel. Et dicta animi nihil sunt quisquam explicabo explicabo. Est ipsam saepe qui corrupti cupiditate.', 'But here, to Alice\'s great surprise, the Duchess\'s cook. She carried the pepper-box in her haste, she had someone to listen to her, still it had lost something; and she felt a little bit, and said.', '2004-12-03 02:20:51', '2008-06-26 10:31:52');
INSERT INTO `posts` (`id`, `user_id`, `head`, `metadata`, `created_at`, `updated_at`) VALUES (42, 42, 'Aut at eos eum vel. Delectus sed nobis esse sapiente expedita qui. Quibusdam quis qui dolores magni maiores optio rerum. Sit qui earum facere similique et facilis.', 'Don\'t let him know she liked them best, For this must ever be A secret, kept from all the arches are gone from this morning,\' said Alice in a ring, and begged the Mouse only growled in reply..', '2013-01-26 01:22:05', '1997-01-22 20:23:32');
INSERT INTO `posts` (`id`, `user_id`, `head`, `metadata`, `created_at`, `updated_at`) VALUES (43, 43, 'Esse sit veritatis consectetur omnis aut omnis aut quod. Nemo nesciunt ipsum distinctio tempore ipsum molestiae quia. Tempore quia possimus dolore consequatur similique aut.', 'Alice very meekly: \'I\'m growing.\' \'You\'ve no right to grow up any more HERE.\' \'But then,\' thought she, \'if people had all to lie down on one knee. \'I\'m a poor man, your Majesty,\' said Alice.', '2010-11-08 01:25:53', '1971-02-21 18:26:22');
INSERT INTO `posts` (`id`, `user_id`, `head`, `metadata`, `created_at`, `updated_at`) VALUES (44, 44, 'Nihil consequatur vel consequatur dicta voluptatem laborum. Soluta odit quia eum impedit cumque omnis dicta nisi. Cumque vero et perspiciatis. Amet eaque suscipit nobis aut excepturi doloribus.', 'I was a most extraordinary noise going on within--a constant howling and sneezing, and every now and then, \'we went to school in the sun. (IF you don\'t explain it is right?\' \'In my youth,\' Father.', '2002-03-01 21:52:53', '2012-11-26 10:15:06');
INSERT INTO `posts` (`id`, `user_id`, `head`, `metadata`, `created_at`, `updated_at`) VALUES (45, 45, 'Recusandae et rerum quis. Incidunt explicabo id sapiente totam dolorem qui veniam neque. Omnis est voluptas quasi tenetur ea.', 'There was a large crowd collected round it: there was a bright idea came into Alice\'s shoulder as she went hunting about, and shouting \'Off with his whiskers!\' For some minutes it puffed away.', '2019-08-28 19:15:02', '1994-05-30 11:51:05');
INSERT INTO `posts` (`id`, `user_id`, `head`, `metadata`, `created_at`, `updated_at`) VALUES (46, 46, 'Quia accusantium consequuntur earum. Dolorem quibusdam saepe fugiat excepturi sunt nobis.', 'And so she went out, but it said nothing. \'Perhaps it hasn\'t one,\' Alice ventured to say. \'What is it?\' he said. (Which he certainly did NOT, being made entirely of cardboard.) \'All right, so far,\'.', '1981-05-09 16:55:12', '1970-12-30 06:24:06');
INSERT INTO `posts` (`id`, `user_id`, `head`, `metadata`, `created_at`, `updated_at`) VALUES (47, 47, 'Atque qui reiciendis et molestiae commodi odit ipsum qui. Repellat aut et sunt quas cum animi voluptas. Velit aut voluptas qui. Facilis autem delectus harum tempora.', 'Come on!\' So they had to do with this creature when I learn music.\' \'Ah! that accounts for it,\' said the Mouse replied rather crossly: \'of course you know the meaning of it now in sight, and no one.', '2011-04-23 01:27:20', '1975-03-19 11:06:41');
INSERT INTO `posts` (`id`, `user_id`, `head`, `metadata`, `created_at`, `updated_at`) VALUES (48, 48, 'Et molestias a omnis quam itaque vitae aut. Temporibus dolores sit omnis qui quod excepturi. Ut earum blanditiis quas magni. Unde itaque qui ducimus consectetur fuga voluptas tempore.', 'YOU with us!\"\' \'They were learning to draw, you know--\' \'But, it goes on \"THEY ALL RETURNED FROM HIM TO YOU,\"\' said Alice. \'Of course they were\', said the Dormouse: \'not in that ridiculous fashion.\'.', '2011-12-05 23:20:27', '1997-07-29 19:15:50');
INSERT INTO `posts` (`id`, `user_id`, `head`, `metadata`, `created_at`, `updated_at`) VALUES (49, 49, 'Et provident officiis in dolores quas impedit. At sapiente maxime dolorem maxime atque dolores. Error sed quis qui impedit accusantium quas. Dolorem voluptas quae nostrum cumque.', 'So she stood watching them, and was just possible it had lost something; and she looked down, was an old woman--but then--always to have no notion how delightful it will be When they take us up and.', '1973-10-29 23:43:07', '2009-10-25 05:37:16');
INSERT INTO `posts` (`id`, `user_id`, `head`, `metadata`, `created_at`, `updated_at`) VALUES (50, 50, 'Illo veritatis repellat nulla repudiandae quo. Incidunt consequatur sed adipisci aliquid earum molestias est. Non totam aut illo tempore qui.', 'Alice hastily replied; \'at least--at least I know I have ordered\'; and she put one arm out of the crowd below, and there was silence for some time without interrupting it. \'They must go by the.', '2009-09-13 13:35:36', '1973-07-21 02:13:49');
INSERT INTO `posts` (`id`, `user_id`, `head`, `metadata`, `created_at`, `updated_at`) VALUES (51, 51, 'Fugiat quaerat quisquam animi. Mollitia commodi expedita deleniti pariatur quo maxime. Atque non aut soluta unde. Quam quo sed quam quis sunt tenetur aperiam.', 'Alice. \'I\'m glad they don\'t give birthday presents like that!\' He got behind Alice as he spoke. \'UNimportant, of course, I meant,\' the King replied. Here the other two were using it as well as she.', '1996-12-19 07:14:29', '2015-02-10 09:43:31');
INSERT INTO `posts` (`id`, `user_id`, `head`, `metadata`, `created_at`, `updated_at`) VALUES (52, 52, 'Maxime provident aut repellendus voluptates modi. Ad omnis blanditiis similique aut eum consequatur. Voluptates corrupti dicta reiciendis qui sapiente. Eius modi et vel quia consequuntur minus. Corporis dolores id numquam et iusto.', 'There was no more to do that,\' said the Hatter, who turned pale and fidgeted. \'Give your evidence,\' the King sharply. \'Do you mean by that?\' said the Queen. First came ten soldiers carrying clubs;.', '1992-09-27 11:16:56', '1970-03-12 06:00:06');
INSERT INTO `posts` (`id`, `user_id`, `head`, `metadata`, `created_at`, `updated_at`) VALUES (53, 53, 'Iure libero aut minima ut. Sint aut alias dolorem repudiandae.', 'Queen added to one of the edge of her voice. Nobody moved. \'Who cares for fish, Game, or any other dish? Who would not join the dance? Will you, won\'t you join the dance? Will you, won\'t you, will.', '1975-10-11 16:28:13', '1990-07-09 14:37:21');
INSERT INTO `posts` (`id`, `user_id`, `head`, `metadata`, `created_at`, `updated_at`) VALUES (54, 54, 'Distinctio soluta recusandae enim consequuntur. Aspernatur et veniam sapiente maxime tempore. Quasi ut ipsam ut quam.', 'March Hare. \'Then it doesn\'t matter a bit,\' she thought of herself, \'I wonder what Latitude or Longitude I\'ve got back to the fifth bend, I think?\' \'I had NOT!\' cried the Mouse, getting up and.', '1993-10-27 10:47:08', '1970-07-09 21:00:24');
INSERT INTO `posts` (`id`, `user_id`, `head`, `metadata`, `created_at`, `updated_at`) VALUES (55, 55, 'Et consectetur vel veniam impedit nobis distinctio itaque. Provident molestiae fugiat consequatur omnis molestiae. Qui atque inventore beatae eius rerum aliquam laboriosam.', 'So Alice began to tremble. Alice looked round, eager to see what was the White Rabbit, with a yelp of delight, which changed into alarm in another moment, when she looked at it, and they walked off.', '2002-09-30 20:12:57', '2005-12-18 19:27:16');
INSERT INTO `posts` (`id`, `user_id`, `head`, `metadata`, `created_at`, `updated_at`) VALUES (56, 56, 'Sed itaque adipisci repudiandae aut itaque. Ullam ut ducimus commodi non unde dolores consequatur modi. Accusamus molestias voluptatum beatae.', 'I goes like a frog; and both footmen, Alice noticed, had powdered hair that WOULD always get into her eyes--and still as she wandered about for a minute or two, and the small ones choked and had no.', '2000-03-22 08:52:39', '1996-10-23 02:34:02');
INSERT INTO `posts` (`id`, `user_id`, `head`, `metadata`, `created_at`, `updated_at`) VALUES (57, 57, 'Et exercitationem quidem recusandae. Voluptatibus molestias ad est deserunt optio est quis eos. Ab amet consequatur saepe omnis.', 'Soup? Beau--ootiful Soo--oop! Soo--oop of the table. \'Nothing can be clearer than THAT. Then again--\"BEFORE SHE HAD THIS FIT--\" you never even spoke to Time!\' \'Perhaps not,\' Alice replied in a hot.', '2007-12-18 21:56:39', '1970-11-27 17:17:43');
INSERT INTO `posts` (`id`, `user_id`, `head`, `metadata`, `created_at`, `updated_at`) VALUES (58, 58, 'Ut quo minima magni ut consequatur error voluptatem. Nesciunt id id est sunt unde sed dignissimos. Ullam fuga esse aliquam repellat eius repellat.', 'I almost think I must go by the soldiers, who of course had to leave the room, when her eye fell on a bough of a dance is it?\' he said. \'Fifteenth,\' said the Mock Turtle. \'No, no! The adventures.', '1986-03-20 12:52:23', '2006-04-24 03:10:31');
INSERT INTO `posts` (`id`, `user_id`, `head`, `metadata`, `created_at`, `updated_at`) VALUES (59, 59, 'Magni adipisci ut facere officiis neque ullam quis. Maxime dolore repellendus blanditiis sunt non ad. Laboriosam excepturi maxime earum qui sequi. Sit qui est possimus pariatur.', 'Caterpillar. Alice folded her hands, and began:-- \'You are old,\' said the Duchess, who seemed too much overcome to do it! Oh dear! I\'d nearly forgotten that I\'ve got back to my jaw, Has lasted the.', '2016-10-26 01:37:43', '1978-01-07 18:51:36');
INSERT INTO `posts` (`id`, `user_id`, `head`, `metadata`, `created_at`, `updated_at`) VALUES (60, 60, 'Eos rerum quo facere ut iusto. Ut non quo expedita facilis fuga perferendis. Quis eum optio et in. Animi repellat quae qui quas quibusdam officia. Ratione veniam aspernatur qui assumenda hic modi sit.', 'And certainly there was room for her. \'I can see you\'re trying to explain the mistake it had come to the part about her any more questions about it, you know.\' \'And what are they doing?\' Alice.', '2003-05-13 16:02:29', '2004-12-07 14:45:40');
INSERT INTO `posts` (`id`, `user_id`, `head`, `metadata`, `created_at`, `updated_at`) VALUES (61, 61, 'Ut praesentium et perspiciatis placeat vitae enim temporibus. Nostrum harum molestiae hic non a nam facilis ut. Suscipit id deleniti in. Eveniet recusandae quidem officia molestiae odit voluptatem. Similique voluptates dignissimos sit facilis corporis voluptate ea reiciendis.', 'I fancy--Who\'s to go down the chimney, and said to herself, for she had plenty of time as she was quite out of this ointment--one shilling the box-- Allow me to sell you a song?\' \'Oh, a song,.', '1980-12-17 22:35:31', '1998-04-07 04:01:12');
INSERT INTO `posts` (`id`, `user_id`, `head`, `metadata`, `created_at`, `updated_at`) VALUES (62, 62, 'Et eum necessitatibus corrupti ut. Maxime animi nam architecto quia voluptatem. Est dolorem voluptatem reprehenderit est ab et qui. Voluptatem veniam dolorem ratione porro voluptas facilis fuga.', 'Alice the moment she appeared; but she could not help bursting out laughing: and when she had somehow fallen into it: there was a different person then.\' \'Explain all that,\' he said to the jury..', '1988-03-20 06:35:28', '2008-06-30 07:03:14');
INSERT INTO `posts` (`id`, `user_id`, `head`, `metadata`, `created_at`, `updated_at`) VALUES (63, 63, 'Pariatur at at ratione veritatis. Exercitationem et voluptates vel dolor. Eos fuga ut dolores. Hic aut et quia. Veniam officia dolore corrupti ipsum.', 'I don\'t put my arm round your waist,\' the Duchess by this time.) \'You\'re nothing but the Dormouse followed him: the March Hare was said to herself, \'after such a dreadful time.\' So Alice began.', '2002-09-22 06:00:28', '1979-05-28 08:03:17');
INSERT INTO `posts` (`id`, `user_id`, `head`, `metadata`, `created_at`, `updated_at`) VALUES (64, 64, 'Quo provident numquam nesciunt quo sunt ab dolorem quia. Maiores et fugit quos repudiandae. A maiores voluptatem autem placeat aut.', 'I don\'t keep the same size: to be a very difficult question. However, at last it unfolded its arms, took the watch and looked at Alice, as she went down to her chin in salt water. Her first idea was.', '2005-11-18 06:03:28', '1996-02-04 16:57:48');
INSERT INTO `posts` (`id`, `user_id`, `head`, `metadata`, `created_at`, `updated_at`) VALUES (65, 65, 'Impedit autem harum quas tempore totam adipisci numquam. Harum et vero excepturi. Aut rerum saepe error repellat quia. Ratione velit occaecati aut minus nam.', 'Mock Turtle a little scream, half of them--and it belongs to the law, And argued each case with MINE,\' said the Duchess; \'and the moral of that is--\"Oh, \'tis love, that makes them so often, of.', '1994-01-09 05:35:59', '1978-08-20 21:33:08');
INSERT INTO `posts` (`id`, `user_id`, `head`, `metadata`, `created_at`, `updated_at`) VALUES (66, 66, 'Vitae deleniti eum aliquid sunt et dolorem quos. Assumenda quisquam qui voluptatem suscipit consequatur consequatur.', 'Duchess; \'and the moral of that is--\"Be what you mean,\' said Alice. \'Then you keep moving round, I suppose?\' \'Yes,\' said Alice desperately: \'he\'s perfectly idiotic!\' And she squeezed herself up on.', '2011-02-10 12:36:49', '2017-05-21 17:29:10');
INSERT INTO `posts` (`id`, `user_id`, `head`, `metadata`, `created_at`, `updated_at`) VALUES (67, 67, 'Earum optio consequatur est ipsum qui perspiciatis voluptas. Accusamus non consectetur voluptatibus id qui sit. Aliquam voluptatem consequuntur porro totam.', 'The Mouse looked at her, and said, \'That\'s right, Five! Always lay the blame on others!\' \'YOU\'D better not do that again!\' which produced another dead silence. \'It\'s a Cheshire cat,\' said the Cat in.', '2002-01-05 13:05:15', '1995-05-12 20:17:51');
INSERT INTO `posts` (`id`, `user_id`, `head`, `metadata`, `created_at`, `updated_at`) VALUES (68, 68, 'Dolorum ut qui exercitationem accusamus. Voluptas nobis fugiat blanditiis error culpa. Consequatur exercitationem repellendus esse voluptatem aut reiciendis culpa. Porro recusandae corrupti eos aspernatur.', 'I did: there\'s no meaning in it, and found herself lying on the slate. \'Herald, read the accusation!\' said the Lory. Alice replied eagerly, for she was always ready to make herself useful, and.', '2004-01-09 02:30:06', '1993-05-27 19:44:40');
INSERT INTO `posts` (`id`, `user_id`, `head`, `metadata`, `created_at`, `updated_at`) VALUES (69, 69, 'Sed in sit maiores fuga. Eos distinctio veritatis ipsum esse corporis. Est delectus labore exercitationem temporibus provident debitis vitae. Quod in magni voluptatibus earum recusandae maiores.', 'Alice asked in a soothing tone: \'don\'t be angry about it. And yet I don\'t think,\' Alice went timidly up to them to sell,\' the Hatter hurriedly left the court, arm-in-arm with the other side. The.', '2014-12-06 14:31:38', '1976-10-11 10:49:00');
INSERT INTO `posts` (`id`, `user_id`, `head`, `metadata`, `created_at`, `updated_at`) VALUES (70, 70, 'Ea blanditiis necessitatibus voluptas itaque tenetur dolores. Non a et laborum esse sint accusantium omnis.', 'March Hare said--\' \'I didn\'t!\' the March Hare. \'It was a little queer, won\'t you?\' \'Not a bit,\' she thought it would be worth the trouble of getting her hands up to her great delight it fitted!.', '2017-02-14 03:05:59', '2000-11-24 08:55:48');
INSERT INTO `posts` (`id`, `user_id`, `head`, `metadata`, `created_at`, `updated_at`) VALUES (71, 71, 'Unde fuga ullam qui corporis perferendis. Odio quibusdam vel dolore nesciunt. Recusandae totam voluptas et at recusandae dolorem accusantium delectus. At sapiente sit et sed debitis id.', 'King said gravely, \'and go on till you come to the Hatter. \'Nor I,\' said the Footman, \'and that for two reasons. First, because I\'m on the shingle--will you come to the little dears came jumping.', '1985-08-06 05:30:07', '2011-12-21 11:50:02');
INSERT INTO `posts` (`id`, `user_id`, `head`, `metadata`, `created_at`, `updated_at`) VALUES (72, 72, 'Ratione possimus in aut aliquid dolor magni. Reprehenderit eligendi vitae aut nihil quidem ut cum. Quam reiciendis sed illum atque.', 'Forty-two. ALL PERSONS MORE THAN A MILE HIGH TO LEAVE THE COURT.\' Everybody looked at the flowers and the Gryphon said, in a court of justice before, but she stopped hastily, for the immediate.', '1988-03-03 08:49:02', '2019-01-29 01:10:01');
INSERT INTO `posts` (`id`, `user_id`, `head`, `metadata`, `created_at`, `updated_at`) VALUES (73, 73, 'Expedita est tenetur eveniet rerum deleniti veritatis. Aut illum ad doloribus omnis sed sunt. Dolor rem molestiae et fugit quia iste voluptatem consequatur.', 'Queen, who was trembling down to nine inches high. CHAPTER VI. Pig and Pepper For a minute or two she walked sadly down the hall. After a minute or two she walked up towards it rather timidly,.', '1985-01-15 18:38:48', '2019-03-10 18:42:44');
INSERT INTO `posts` (`id`, `user_id`, `head`, `metadata`, `created_at`, `updated_at`) VALUES (74, 74, 'Amet hic rem aspernatur quisquam maiores numquam. Alias sint aut quas ducimus illo quo sed suscipit. Fuga ea ut iste perspiciatis.', 'Hatter went on, \'--likely to win, that it\'s hardly worth while finishing the game.\' The Queen turned angrily away from her as hard as he spoke, and then the other, saying, in a solemn tone, only.', '1994-01-15 08:13:59', '2012-07-11 17:42:36');
INSERT INTO `posts` (`id`, `user_id`, `head`, `metadata`, `created_at`, `updated_at`) VALUES (75, 75, 'Aut velit explicabo quasi optio modi dicta. Iure nemo facilis libero unde autem ut maiores. Doloribus ipsam non incidunt velit. Quia magnam minus et et et voluptatibus maiores temporibus.', 'I\'ve often seen them at last, and managed to put the Dormouse shall!\' they both cried. \'Wake up, Dormouse!\' And they pinched it on both sides at once. \'Give your evidence,\' said the King, going up.', '2007-04-19 20:34:43', '2003-06-12 09:02:13');
INSERT INTO `posts` (`id`, `user_id`, `head`, `metadata`, `created_at`, `updated_at`) VALUES (76, 76, 'Id eaque adipisci repellat culpa inventore ut. Et aut aliquid itaque consequuntur et nostrum. Ut at ea vitae. Fugit numquam ipsum architecto.', 'The baby grunted again, so that it was over at last, and they repeated their arguments to her, And mentioned me to introduce it.\' \'I don\'t see any wine,\' she remarked. \'There isn\'t any,\' said the.', '2000-03-12 21:59:42', '2008-02-27 23:07:55');
INSERT INTO `posts` (`id`, `user_id`, `head`, `metadata`, `created_at`, `updated_at`) VALUES (77, 77, 'Dignissimos repellendus ipsum illum cupiditate exercitationem dolores. Minus rerum temporibus repellendus cupiditate tempore dolor. Qui maiores voluptatem omnis neque in mollitia. Iure molestiae error et cumque magnam.', 'Alice could hardly hear the words:-- \'I speak severely to my boy, I beat him when he sneezes; For he can EVEN finish, if he thought it over here,\' said the Duchess, it had struck her foot! She was.', '1991-04-16 16:27:46', '1990-04-10 11:10:28');
INSERT INTO `posts` (`id`, `user_id`, `head`, `metadata`, `created_at`, `updated_at`) VALUES (78, 78, 'Dolorem non rerum culpa distinctio sunt qui laudantium. Voluptatibus magni maiores aspernatur nihil molestias quisquam nihil in. Sit accusamus odit itaque quasi non nostrum aut. Cum error dolor incidunt et voluptas et.', 'White Rabbit put on your shoes and stockings for you now, dears? I\'m sure I can\'t quite follow it as a drawing of a large pigeon had flown into her face, and was immediately suppressed by the pope,.', '1986-01-28 18:22:07', '1986-07-17 10:08:05');
INSERT INTO `posts` (`id`, `user_id`, `head`, `metadata`, `created_at`, `updated_at`) VALUES (79, 79, 'Nam eveniet ea et ab et. Aspernatur placeat quia reprehenderit non. Aliquid alias sapiente molestiae nisi asperiores.', 'And with that she let the jury--\' \'If any one left alive!\' She was close behind her, listening: so she felt sure she would keep, through all her knowledge of history, Alice had no idea what Latitude.', '1981-09-08 15:32:28', '2012-08-19 06:49:16');
INSERT INTO `posts` (`id`, `user_id`, `head`, `metadata`, `created_at`, `updated_at`) VALUES (80, 80, 'Dolorum rerum tenetur aut aut accusantium. Eligendi ut eos ut animi nam similique laboriosam. Occaecati eos ea sit consequatur enim et quasi.', 'Queen. \'Sentence first--verdict afterwards.\' \'Stuff and nonsense!\' said Alice very meekly: \'I\'m growing.\' \'You\'ve no right to grow up any more if you\'d like it put more simply--\"Never imagine.', '1986-08-03 06:26:02', '2002-07-01 01:05:09');
INSERT INTO `posts` (`id`, `user_id`, `head`, `metadata`, `created_at`, `updated_at`) VALUES (81, 81, 'Sint cumque ad repudiandae eveniet. Totam exercitationem incidunt voluptas minima et. Quaerat consequatur officiis qui quia quos dolores.', 'Mock Turtle Soup is made from,\' said the Queen, who were lying round the refreshments!\' But there seemed to be lost: away went Alice after it, and finding it very hard indeed to make ONE respectable.', '2012-04-05 23:15:54', '2008-11-06 16:59:09');
INSERT INTO `posts` (`id`, `user_id`, `head`, `metadata`, `created_at`, `updated_at`) VALUES (82, 82, 'Corrupti consectetur quasi unde. Facilis odit qui autem quia aut qui voluptatem in. Iste laboriosam repellendus quo sunt doloremque id pariatur.', 'Alice, \'they\'re sure to happen,\' she said this, she noticed that one of the table, but there were no tears. \'If you\'re going to remark myself.\' \'Have you guessed the riddle yet?\' the Hatter.', '1982-02-08 03:38:32', '2012-12-21 03:51:11');
INSERT INTO `posts` (`id`, `user_id`, `head`, `metadata`, `created_at`, `updated_at`) VALUES (83, 83, 'Amet saepe aut eaque est ut ullam. Nemo odio quo quis autem praesentium voluptas. Amet sequi et inventore iusto et.', 'Gryphon, before Alice could not help bursting out laughing: and when she had never before seen a rabbit with either a waistcoat-pocket, or a worm. The question is, what?\' The great question is, what.', '1989-01-19 12:15:45', '1985-11-03 14:44:04');
INSERT INTO `posts` (`id`, `user_id`, `head`, `metadata`, `created_at`, `updated_at`) VALUES (84, 84, 'Iure et delectus impedit perferendis officia quis deserunt aut. Vel autem quia molestias blanditiis molestiae sit perspiciatis. Iure cum fuga earum suscipit quas odit.', 'EVER happen in a hurried nervous manner, smiling at everything that Alice said; \'there\'s a large mushroom growing near her, she began, rather timidly, as she had tired herself out with trying, the.', '1987-03-03 15:25:53', '1998-02-27 04:08:15');
INSERT INTO `posts` (`id`, `user_id`, `head`, `metadata`, `created_at`, `updated_at`) VALUES (85, 85, 'Sint itaque laborum consequatur. Non culpa qui ipsum omnis eligendi. Cupiditate ipsa consequatur quidem ipsam quam amet rerum.', 'I suppose you\'ll be asleep again before it\'s done.\' \'Once upon a low trembling voice, \'Let us get to the little golden key and hurried off at once crowded round her, calling out in a large fan in.', '2008-11-17 00:05:34', '2009-04-06 08:06:31');
INSERT INTO `posts` (`id`, `user_id`, `head`, `metadata`, `created_at`, `updated_at`) VALUES (86, 86, 'Rem ipsum est omnis et. Velit dolorem dignissimos voluptatem ipsum dolores laboriosam dignissimos. Eligendi et numquam magnam architecto modi.', 'Mock Turtle in a hurry: a large one, but it makes me grow smaller, I suppose.\' So she called softly after it, never once considering how in the same as the Rabbit, and had just begun to dream that.', '1973-06-27 01:01:01', '2009-07-12 21:13:59');
INSERT INTO `posts` (`id`, `user_id`, `head`, `metadata`, `created_at`, `updated_at`) VALUES (87, 87, 'Sequi excepturi deleniti eos enim nemo exercitationem et. Esse illum dolore laborum hic. Qui consequatur delectus vel in quisquam aut odio. Doloremque atque atque consequatur qui eum et amet.', 'YOU?\' said the Mock Turtle sighed deeply, and began, in a great deal too far off to the seaside once in the trial done,\' she thought, and looked at the door--I do wish they WOULD go with the name of.', '1971-04-06 10:25:09', '2017-04-13 23:58:47');
INSERT INTO `posts` (`id`, `user_id`, `head`, `metadata`, `created_at`, `updated_at`) VALUES (88, 88, 'Quia at magnam omnis ipsa veniam optio. Incidunt est qui ratione. Qui doloremque voluptas harum possimus voluptatem quas magni placeat.', 'Alice. \'Why not?\' said the Dormouse; \'VERY ill.\' Alice tried to get in?\' \'There might be some sense in your knocking,\' the Footman remarked, \'till tomorrow--\' At this moment Five, who had been.', '1977-01-04 01:10:51', '1986-08-24 16:31:59');
INSERT INTO `posts` (`id`, `user_id`, `head`, `metadata`, `created_at`, `updated_at`) VALUES (89, 89, 'Fugit sint ex qui. Et ut suscipit commodi eius a ut nulla consectetur. Alias culpa quod enim aut ipsa quis. Quod iste ab minus quos consequatur recusandae nihil. Nobis et perspiciatis quis accusamus.', 'By this time she found herself in Wonderland, though she knew the name of the thing yourself, some winter day, I will tell you what year it is?\' \'Of course it is,\' said the Dormouse: \'not in that.', '1994-09-11 09:19:37', '1982-10-28 04:01:35');
INSERT INTO `posts` (`id`, `user_id`, `head`, `metadata`, `created_at`, `updated_at`) VALUES (90, 90, 'Doloribus ut omnis veniam est voluptatibus. Voluptas ullam officiis totam quas. Totam tempora dolore dolorem vel cupiditate. Sed atque voluptatibus id nulla velit voluptas.', 'IT. It\'s HIM.\' \'I don\'t like them raw.\' \'Well, be off, then!\' said the Footman, \'and that for two Pennyworth only of beautiful Soup? Beau--ootiful Soo--oop! Soo--oop of the trees behind him. \'--or.', '1989-08-01 14:45:56', '1979-05-12 12:07:53');
INSERT INTO `posts` (`id`, `user_id`, `head`, `metadata`, `created_at`, `updated_at`) VALUES (91, 91, 'Commodi est voluptatem quae omnis deserunt. Distinctio perferendis ut quaerat sunt qui delectus. Cum qui est tenetur deleniti vitae non eum. Voluptates necessitatibus magni natus.', 'I know?\' said Alice, looking down with one of the fact. \'I keep them to be ashamed of yourself,\' said Alice, seriously, \'I\'ll have nothing more to do it! Oh dear! I wish you could only see her. She.', '1984-10-17 08:29:20', '1987-03-09 16:27:42');
INSERT INTO `posts` (`id`, `user_id`, `head`, `metadata`, `created_at`, `updated_at`) VALUES (92, 92, 'Ut beatae beatae voluptas quibusdam. Id esse eveniet quisquam aspernatur hic delectus. Aut ipsa quia dicta quam nobis ab.', 'Mock Turtle. \'Hold your tongue, Ma!\' said the Footman, \'and that for two Pennyworth only of beautiful Soup? Pennyworth only of beautiful Soup? Pennyworth only of beautiful Soup? Pennyworth only of.', '2015-05-31 20:40:51', '1992-01-24 19:21:04');
INSERT INTO `posts` (`id`, `user_id`, `head`, `metadata`, `created_at`, `updated_at`) VALUES (93, 93, 'Maxime atque quae non. Dolore esse officiis ipsam voluptas. Nesciunt aut dicta ut libero fuga quia aliquid.', 'Between yourself and me.\' \'That\'s the most curious thing I ever was at in all my limbs very supple By the time they were all shaped like ears and whiskers, how late it\'s getting!\' She was walking by.', '1977-03-01 15:55:23', '1970-07-14 22:40:01');
INSERT INTO `posts` (`id`, `user_id`, `head`, `metadata`, `created_at`, `updated_at`) VALUES (94, 94, 'Voluptas quia voluptas repudiandae necessitatibus sed itaque et voluptatibus. Et ea id sit optio. Voluptatem architecto porro dolorum eaque aut.', 'Queen, and in THAT direction,\' waving the other ladder?--Why, I hadn\'t begun my tea--not above a week or so--and what with the end of the Shark, But, when the Rabbit noticed Alice, as she added, to.', '1993-07-24 17:04:31', '1991-06-21 20:37:44');
INSERT INTO `posts` (`id`, `user_id`, `head`, `metadata`, `created_at`, `updated_at`) VALUES (95, 95, 'Odio laborum maxime similique reprehenderit voluptatem. Possimus in esse optio animi autem est. Consequatur facere aut vel accusamus. Aut sed dolor iure ut porro nobis.', 'Tortoise, if he would not join the dance. Will you, won\'t you, will you, old fellow?\' The Mock Turtle interrupted, \'if you don\'t know of any that do,\' Alice said very humbly; \'I won\'t have any.', '1998-05-26 08:36:35', '1994-12-01 03:41:35');
INSERT INTO `posts` (`id`, `user_id`, `head`, `metadata`, `created_at`, `updated_at`) VALUES (96, 96, 'Aspernatur rem exercitationem est fuga autem omnis. Hic dolorum unde consequatur labore fugiat. Architecto tempore et enim sunt minus.', 'The Mouse gave a little queer, won\'t you?\' \'Not a bit,\' she thought it must be really offended. \'We won\'t talk about trouble!\' said the Gryphon. \'Of course,\' the Dodo in an offended tone. And she.', '2000-09-13 14:20:31', '2007-12-15 02:33:36');
INSERT INTO `posts` (`id`, `user_id`, `head`, `metadata`, `created_at`, `updated_at`) VALUES (97, 97, 'Neque assumenda nihil et dolorem quam autem. Error esse praesentium voluptatem est voluptatibus dolorum similique. Adipisci sunt ad quod ab possimus.', 'And will talk in contemptuous tones of the game, feeling very curious to know your history, she do.\' \'I\'ll tell it her,\' said the Gryphon: and it sat down and began to repeat it, but her head struck.', '1997-12-29 03:19:03', '1988-02-05 17:44:17');
INSERT INTO `posts` (`id`, `user_id`, `head`, `metadata`, `created_at`, `updated_at`) VALUES (98, 98, 'Mollitia adipisci culpa omnis ipsam nihil molestiae iste reprehenderit. Eius doloribus inventore ea similique aut vitae facere. Sit voluptatem architecto autem modi doloribus dolores iure.', 'So she went back to the jury. They were indeed a queer-looking party that assembled on the top of her or of anything else. CHAPTER V. Advice from a Caterpillar The Caterpillar was the only.', '1992-11-28 01:30:13', '1984-11-20 12:06:24');
INSERT INTO `posts` (`id`, `user_id`, `head`, `metadata`, `created_at`, `updated_at`) VALUES (99, 99, 'Sit sit consequatur quo. Et repellat neque facilis ut. Ducimus et similique voluptas quia ea ab reiciendis dolorum. Magni veniam tempora aut voluptatem deserunt quaerat est. Nihil omnis iure atque rerum aut error.', 'Mock Turtle persisted. \'How COULD he turn them out of his shrill little voice, the name of nearly everything there. \'That\'s the judge,\' she said to Alice, they all crowded round her, about four.', '1975-02-06 09:44:33', '2013-10-31 15:41:02');
INSERT INTO `posts` (`id`, `user_id`, `head`, `metadata`, `created_at`, `updated_at`) VALUES (100, 100, 'Mollitia voluptatem eum magnam. Unde in eos hic aut non est cumque alias. Vitae voluptatem a dolorum voluptas culpa.', 'As soon as the doubled-up soldiers were silent, and looked at Alice. \'It must be Mabel after all, and I could show you our cat Dinah: I think I can find it.\' And she thought it would be four.', '2018-02-15 03:20:31', '1990-08-18 16:13:39');


#
# TABLE STRUCTURE FOR: profiles
#

DROP TABLE IF EXISTS `profiles`;

CREATE TABLE `profiles` (
  `user_id` int(10) unsigned NOT NULL,
  `sex` char(1) COLLATE utf8_unicode_ci NOT NULL,
  `birthday` date DEFAULT NULL,
  `hometown` varchar(100) COLLATE utf8_unicode_ci DEFAULT NULL,
  `photo_id` int(10) unsigned NOT NULL,
  PRIMARY KEY (`user_id`)
) ENGINE=InnoDB DEFAULT CHARSET=utf8 COLLATE=utf8_unicode_ci;

INSERT INTO `profiles` (`user_id`, `sex`, `birthday`, `hometown`, `photo_id`) VALUES (1, 'm', '1983-11-09', '24115 Sporer Heights', 1);
INSERT INTO `profiles` (`user_id`, `sex`, `birthday`, `hometown`, `photo_id`) VALUES (2, 'm', '1996-03-26', '752 Dickinson Estates', 2);
INSERT INTO `profiles` (`user_id`, `sex`, `birthday`, `hometown`, `photo_id`) VALUES (3, 'm', '2019-01-06', '1223 Anabel Shores', 3);
INSERT INTO `profiles` (`user_id`, `sex`, `birthday`, `hometown`, `photo_id`) VALUES (4, 'f', '2012-02-05', '8841 Kerluke Brooks Apt. 710', 4);
INSERT INTO `profiles` (`user_id`, `sex`, `birthday`, `hometown`, `photo_id`) VALUES (5, 'm', '1983-04-10', '3183 Lourdes Bypass', 5);
INSERT INTO `profiles` (`user_id`, `sex`, `birthday`, `hometown`, `photo_id`) VALUES (6, 'm', '1975-06-17', '22255 Turcotte Fort Apt. 670', 6);
INSERT INTO `profiles` (`user_id`, `sex`, `birthday`, `hometown`, `photo_id`) VALUES (7, 'm', '1998-11-26', '606 Bill Island', 7);
INSERT INTO `profiles` (`user_id`, `sex`, `birthday`, `hometown`, `photo_id`) VALUES (8, 'm', '1992-04-04', '7216 Jalyn Circles', 8);
INSERT INTO `profiles` (`user_id`, `sex`, `birthday`, `hometown`, `photo_id`) VALUES (9, 'f', '2011-08-03', '1576 Lubowitz Crest', 9);
INSERT INTO `profiles` (`user_id`, `sex`, `birthday`, `hometown`, `photo_id`) VALUES (10, 'm', '1993-08-29', '563 Molly Ports Apt. 684', 10);
INSERT INTO `profiles` (`user_id`, `sex`, `birthday`, `hometown`, `photo_id`) VALUES (11, 'f', '1989-08-19', '7581 Rafaela Creek', 11);
INSERT INTO `profiles` (`user_id`, `sex`, `birthday`, `hometown`, `photo_id`) VALUES (12, 'm', '2018-08-19', '76464 Emmett Junction Apt. 546', 12);
INSERT INTO `profiles` (`user_id`, `sex`, `birthday`, `hometown`, `photo_id`) VALUES (13, 'f', '1976-03-03', '3233 O\'Keefe Radial Apt. 488', 13);
INSERT INTO `profiles` (`user_id`, `sex`, `birthday`, `hometown`, `photo_id`) VALUES (14, 'f', '2004-12-05', '410 Damon Flats Apt. 310', 14);
INSERT INTO `profiles` (`user_id`, `sex`, `birthday`, `hometown`, `photo_id`) VALUES (15, 'f', '1987-11-28', '4371 Hank Mountains Suite 164', 15);
INSERT INTO `profiles` (`user_id`, `sex`, `birthday`, `hometown`, `photo_id`) VALUES (16, 'm', '1991-12-12', '02362 Aufderhar Expressway Suite 781', 16);
INSERT INTO `profiles` (`user_id`, `sex`, `birthday`, `hometown`, `photo_id`) VALUES (17, 'f', '1982-09-15', '55883 Jones Knoll Suite 468', 17);
INSERT INTO `profiles` (`user_id`, `sex`, `birthday`, `hometown`, `photo_id`) VALUES (18, 'f', '1996-02-18', '362 Johnston Drive Apt. 500', 18);
INSERT INTO `profiles` (`user_id`, `sex`, `birthday`, `hometown`, `photo_id`) VALUES (19, 'f', '2006-04-04', '784 Zena Rapid', 19);
INSERT INTO `profiles` (`user_id`, `sex`, `birthday`, `hometown`, `photo_id`) VALUES (20, 'm', '1971-04-26', '6347 Yesenia Forge', 20);
INSERT INTO `profiles` (`user_id`, `sex`, `birthday`, `hometown`, `photo_id`) VALUES (21, 'm', '1998-06-03', '948 Lang Falls Suite 527', 21);
INSERT INTO `profiles` (`user_id`, `sex`, `birthday`, `hometown`, `photo_id`) VALUES (22, 'f', '2014-12-18', '8029 Hilario Via', 22);
INSERT INTO `profiles` (`user_id`, `sex`, `birthday`, `hometown`, `photo_id`) VALUES (23, 'f', '1994-06-08', '45561 Hilton Orchard Apt. 630', 23);
INSERT INTO `profiles` (`user_id`, `sex`, `birthday`, `hometown`, `photo_id`) VALUES (24, 'f', '1995-05-16', '134 Aron Parkways Suite 949', 24);
INSERT INTO `profiles` (`user_id`, `sex`, `birthday`, `hometown`, `photo_id`) VALUES (25, 'f', '2016-04-20', '0300 Ilene Inlet', 25);
INSERT INTO `profiles` (`user_id`, `sex`, `birthday`, `hometown`, `photo_id`) VALUES (26, 'f', '1996-08-05', '96440 Donavon Loop Apt. 281', 26);
INSERT INTO `profiles` (`user_id`, `sex`, `birthday`, `hometown`, `photo_id`) VALUES (27, 'm', '1997-10-18', '0633 Huel Road', 27);
INSERT INTO `profiles` (`user_id`, `sex`, `birthday`, `hometown`, `photo_id`) VALUES (28, 'm', '1992-07-10', '510 Darlene Street Apt. 889', 28);
INSERT INTO `profiles` (`user_id`, `sex`, `birthday`, `hometown`, `photo_id`) VALUES (29, 'm', '1990-11-07', '145 Heloise Turnpike', 29);
INSERT INTO `profiles` (`user_id`, `sex`, `birthday`, `hometown`, `photo_id`) VALUES (30, 'f', '1984-01-27', '988 Linwood Trace', 30);
INSERT INTO `profiles` (`user_id`, `sex`, `birthday`, `hometown`, `photo_id`) VALUES (31, 'm', '1980-05-10', '335 Price Dam', 31);
INSERT INTO `profiles` (`user_id`, `sex`, `birthday`, `hometown`, `photo_id`) VALUES (32, 'm', '1972-09-10', '82349 Torp Landing', 32);
INSERT INTO `profiles` (`user_id`, `sex`, `birthday`, `hometown`, `photo_id`) VALUES (33, 'f', '2015-03-07', '5175 Mante Extensions Apt. 497', 33);
INSERT INTO `profiles` (`user_id`, `sex`, `birthday`, `hometown`, `photo_id`) VALUES (34, 'f', '1998-07-07', '593 Diana Drive Apt. 214', 34);
INSERT INTO `profiles` (`user_id`, `sex`, `birthday`, `hometown`, `photo_id`) VALUES (35, 'f', '1992-02-29', '291 Corwin Streets Suite 886', 35);
INSERT INTO `profiles` (`user_id`, `sex`, `birthday`, `hometown`, `photo_id`) VALUES (36, 'm', '1979-11-25', '69240 Glover Estates', 36);
INSERT INTO `profiles` (`user_id`, `sex`, `birthday`, `hometown`, `photo_id`) VALUES (37, 'm', '1970-06-24', '352 Amy Rue Apt. 880', 37);
INSERT INTO `profiles` (`user_id`, `sex`, `birthday`, `hometown`, `photo_id`) VALUES (38, 'f', '2008-02-15', '627 Marianna Run', 38);
INSERT INTO `profiles` (`user_id`, `sex`, `birthday`, `hometown`, `photo_id`) VALUES (39, 'm', '1981-10-27', '4669 Albert Views Suite 905', 39);
INSERT INTO `profiles` (`user_id`, `sex`, `birthday`, `hometown`, `photo_id`) VALUES (40, 'f', '1979-10-25', '309 Dianna Point Apt. 251', 40);
INSERT INTO `profiles` (`user_id`, `sex`, `birthday`, `hometown`, `photo_id`) VALUES (41, 'm', '1972-03-09', '4658 Tyreek Port Apt. 667', 41);
INSERT INTO `profiles` (`user_id`, `sex`, `birthday`, `hometown`, `photo_id`) VALUES (42, 'f', '1989-05-11', '22275 Simonis Trafficway Suite 382', 42);
INSERT INTO `profiles` (`user_id`, `sex`, `birthday`, `hometown`, `photo_id`) VALUES (43, 'f', '2004-09-27', '66031 Heller Spur Apt. 041', 43);
INSERT INTO `profiles` (`user_id`, `sex`, `birthday`, `hometown`, `photo_id`) VALUES (44, 'f', '2009-04-22', '638 Tremblay Brook', 44);
INSERT INTO `profiles` (`user_id`, `sex`, `birthday`, `hometown`, `photo_id`) VALUES (45, 'm', '1998-07-03', '5870 Thiel Islands', 45);
INSERT INTO `profiles` (`user_id`, `sex`, `birthday`, `hometown`, `photo_id`) VALUES (46, 'm', '1986-04-24', '6701 Ferry Center', 46);
INSERT INTO `profiles` (`user_id`, `sex`, `birthday`, `hometown`, `photo_id`) VALUES (47, 'm', '2010-09-17', '3037 Emard Hollow', 47);
INSERT INTO `profiles` (`user_id`, `sex`, `birthday`, `hometown`, `photo_id`) VALUES (48, 'm', '2011-06-08', '279 Greenfelder Springs Suite 050', 48);
INSERT INTO `profiles` (`user_id`, `sex`, `birthday`, `hometown`, `photo_id`) VALUES (49, 'f', '2005-01-17', '637 Gorczany Haven', 49);
INSERT INTO `profiles` (`user_id`, `sex`, `birthday`, `hometown`, `photo_id`) VALUES (50, 'm', '2008-06-23', '447 Vandervort Club Suite 836', 50);
INSERT INTO `profiles` (`user_id`, `sex`, `birthday`, `hometown`, `photo_id`) VALUES (51, 'm', '2014-06-20', '8196 Hand Lakes', 51);
INSERT INTO `profiles` (`user_id`, `sex`, `birthday`, `hometown`, `photo_id`) VALUES (52, 'f', '2003-02-02', '2089 Kendrick Drives Suite 041', 52);
INSERT INTO `profiles` (`user_id`, `sex`, `birthday`, `hometown`, `photo_id`) VALUES (53, 'm', '1974-08-30', '164 Kertzmann Oval Suite 982', 53);
INSERT INTO `profiles` (`user_id`, `sex`, `birthday`, `hometown`, `photo_id`) VALUES (54, 'm', '2016-03-12', '9039 Wunsch Ridges', 54);
INSERT INTO `profiles` (`user_id`, `sex`, `birthday`, `hometown`, `photo_id`) VALUES (55, 'f', '1970-01-16', '365 Lois Mission Suite 471', 55);
INSERT INTO `profiles` (`user_id`, `sex`, `birthday`, `hometown`, `photo_id`) VALUES (56, 'm', '1982-09-01', '80686 Esperanza Crossing', 56);
INSERT INTO `profiles` (`user_id`, `sex`, `birthday`, `hometown`, `photo_id`) VALUES (57, 'm', '1999-03-02', '9377 Judy Unions', 57);
INSERT INTO `profiles` (`user_id`, `sex`, `birthday`, `hometown`, `photo_id`) VALUES (58, 'f', '2012-05-02', '37107 Kilback Greens Apt. 539', 58);
INSERT INTO `profiles` (`user_id`, `sex`, `birthday`, `hometown`, `photo_id`) VALUES (59, 'm', '1997-11-04', '3354 Kris Island Suite 096', 59);
INSERT INTO `profiles` (`user_id`, `sex`, `birthday`, `hometown`, `photo_id`) VALUES (60, 'f', '1986-01-17', '2313 Haag Loop Suite 865', 60);
INSERT INTO `profiles` (`user_id`, `sex`, `birthday`, `hometown`, `photo_id`) VALUES (61, 'f', '1977-06-07', '923 Conn Plaza Suite 030', 61);
INSERT INTO `profiles` (`user_id`, `sex`, `birthday`, `hometown`, `photo_id`) VALUES (62, 'm', '1982-09-19', '406 Marks Brooks', 62);
INSERT INTO `profiles` (`user_id`, `sex`, `birthday`, `hometown`, `photo_id`) VALUES (63, 'f', '1974-07-15', '37731 Bayer Circle', 63);
INSERT INTO `profiles` (`user_id`, `sex`, `birthday`, `hometown`, `photo_id`) VALUES (64, 'f', '2005-06-08', '61994 Spencer Row Apt. 408', 64);
INSERT INTO `profiles` (`user_id`, `sex`, `birthday`, `hometown`, `photo_id`) VALUES (65, 'f', '1994-04-12', '4352 Mohammed Trail', 65);
INSERT INTO `profiles` (`user_id`, `sex`, `birthday`, `hometown`, `photo_id`) VALUES (66, 'f', '2002-12-16', '7430 Carlee Plain Suite 795', 66);
INSERT INTO `profiles` (`user_id`, `sex`, `birthday`, `hometown`, `photo_id`) VALUES (67, 'f', '2010-08-15', '1566 Jasen Knoll Apt. 808', 67);
INSERT INTO `profiles` (`user_id`, `sex`, `birthday`, `hometown`, `photo_id`) VALUES (68, 'f', '2018-09-27', '8507 Kuhn Walks Suite 526', 68);
INSERT INTO `profiles` (`user_id`, `sex`, `birthday`, `hometown`, `photo_id`) VALUES (69, 'f', '2011-02-18', '55634 Reinger Well', 69);
INSERT INTO `profiles` (`user_id`, `sex`, `birthday`, `hometown`, `photo_id`) VALUES (70, 'm', '1974-11-03', '778 Yost Burgs Suite 267', 70);
INSERT INTO `profiles` (`user_id`, `sex`, `birthday`, `hometown`, `photo_id`) VALUES (71, 'f', '1975-03-09', '5430 Meta Junctions Apt. 203', 71);
INSERT INTO `profiles` (`user_id`, `sex`, `birthday`, `hometown`, `photo_id`) VALUES (72, 'm', '2005-11-25', '4028 Carey Fords Suite 032', 72);
INSERT INTO `profiles` (`user_id`, `sex`, `birthday`, `hometown`, `photo_id`) VALUES (73, 'f', '1979-12-07', '87427 Heidenreich Union', 73);
INSERT INTO `profiles` (`user_id`, `sex`, `birthday`, `hometown`, `photo_id`) VALUES (74, 'f', '1997-09-07', '4168 Grimes Locks Apt. 407', 74);
INSERT INTO `profiles` (`user_id`, `sex`, `birthday`, `hometown`, `photo_id`) VALUES (75, 'f', '1990-08-19', '647 Mayert Overpass', 75);
INSERT INTO `profiles` (`user_id`, `sex`, `birthday`, `hometown`, `photo_id`) VALUES (76, 'f', '1990-12-28', '14355 Donnie Oval Suite 566', 76);
INSERT INTO `profiles` (`user_id`, `sex`, `birthday`, `hometown`, `photo_id`) VALUES (77, 'f', '1989-10-03', '1962 Tressie Mall Apt. 205', 77);
INSERT INTO `profiles` (`user_id`, `sex`, `birthday`, `hometown`, `photo_id`) VALUES (78, 'm', '1998-01-24', '51286 Reinger Creek Suite 991', 78);
INSERT INTO `profiles` (`user_id`, `sex`, `birthday`, `hometown`, `photo_id`) VALUES (79, 'm', '1990-11-28', '676 Giovanna Stravenue Apt. 839', 79);
INSERT INTO `profiles` (`user_id`, `sex`, `birthday`, `hometown`, `photo_id`) VALUES (80, 'm', '1970-04-11', '0654 Schamberger Mount', 80);
INSERT INTO `profiles` (`user_id`, `sex`, `birthday`, `hometown`, `photo_id`) VALUES (81, 'm', '1979-05-27', '546 Tevin View Suite 392', 81);
INSERT INTO `profiles` (`user_id`, `sex`, `birthday`, `hometown`, `photo_id`) VALUES (82, 'm', '1970-01-12', '9845 Rath Glen Suite 462', 82);
INSERT INTO `profiles` (`user_id`, `sex`, `birthday`, `hometown`, `photo_id`) VALUES (83, 'f', '2010-01-28', '5031 Towne Viaduct Apt. 942', 83);
INSERT INTO `profiles` (`user_id`, `sex`, `birthday`, `hometown`, `photo_id`) VALUES (84, 'f', '1971-02-09', '96263 Maximo Crest', 84);
INSERT INTO `profiles` (`user_id`, `sex`, `birthday`, `hometown`, `photo_id`) VALUES (85, 'f', '2007-01-23', '946 Gottlieb Dam', 85);
INSERT INTO `profiles` (`user_id`, `sex`, `birthday`, `hometown`, `photo_id`) VALUES (86, 'm', '1989-10-01', '495 Braun Avenue Suite 092', 86);
INSERT INTO `profiles` (`user_id`, `sex`, `birthday`, `hometown`, `photo_id`) VALUES (87, 'm', '1978-09-23', '387 Jakayla Viaduct Suite 265', 87);
INSERT INTO `profiles` (`user_id`, `sex`, `birthday`, `hometown`, `photo_id`) VALUES (88, 'm', '1972-05-06', '674 Lillian Turnpike Suite 077', 88);
INSERT INTO `profiles` (`user_id`, `sex`, `birthday`, `hometown`, `photo_id`) VALUES (89, 'm', '1978-08-17', '6820 Vinnie Neck', 89);
INSERT INTO `profiles` (`user_id`, `sex`, `birthday`, `hometown`, `photo_id`) VALUES (90, 'm', '1987-01-06', '1081 Spencer Centers', 90);
INSERT INTO `profiles` (`user_id`, `sex`, `birthday`, `hometown`, `photo_id`) VALUES (91, 'f', '2011-08-20', '3253 Fritsch Rapids', 91);
INSERT INTO `profiles` (`user_id`, `sex`, `birthday`, `hometown`, `photo_id`) VALUES (92, 'm', '1989-11-21', '898 Treutel Forge', 92);
INSERT INTO `profiles` (`user_id`, `sex`, `birthday`, `hometown`, `photo_id`) VALUES (93, 'f', '1986-06-07', '912 Nienow Creek Apt. 579', 93);
INSERT INTO `profiles` (`user_id`, `sex`, `birthday`, `hometown`, `photo_id`) VALUES (94, 'm', '1980-12-28', '9515 Sonya Village Apt. 629', 94);
INSERT INTO `profiles` (`user_id`, `sex`, `birthday`, `hometown`, `photo_id`) VALUES (95, 'f', '2009-06-29', '53489 Nya Fort Apt. 693', 95);
INSERT INTO `profiles` (`user_id`, `sex`, `birthday`, `hometown`, `photo_id`) VALUES (96, 'm', '2001-04-26', '89172 Euna Grove', 96);
INSERT INTO `profiles` (`user_id`, `sex`, `birthday`, `hometown`, `photo_id`) VALUES (97, 'f', '2012-05-14', '084 Murazik Hill', 97);
INSERT INTO `profiles` (`user_id`, `sex`, `birthday`, `hometown`, `photo_id`) VALUES (98, 'f', '2000-01-29', '4120 Fahey Park', 98);
INSERT INTO `profiles` (`user_id`, `sex`, `birthday`, `hometown`, `photo_id`) VALUES (99, 'm', '1978-10-29', '18534 Davis Coves Suite 936', 99);
INSERT INTO `profiles` (`user_id`, `sex`, `birthday`, `hometown`, `photo_id`) VALUES (100, 'm', '2007-07-07', '298 Kacie View Suite 074', 100);
INSERT INTO `profiles` (`user_id`, `sex`, `birthday`, `hometown`, `photo_id`) VALUES (101, 'm', '2001-12-09', '4747 Cedrick Estate', 1);
INSERT INTO `profiles` (`user_id`, `sex`, `birthday`, `hometown`, `photo_id`) VALUES (102, 'f', '2013-05-25', '6395 Rex Square Apt. 673', 2);
INSERT INTO `profiles` (`user_id`, `sex`, `birthday`, `hometown`, `photo_id`) VALUES (103, 'f', '1983-05-24', '6347 Delia Burg', 3);
INSERT INTO `profiles` (`user_id`, `sex`, `birthday`, `hometown`, `photo_id`) VALUES (104, 'f', '2001-03-21', '41500 Tess Row Suite 482', 4);
INSERT INTO `profiles` (`user_id`, `sex`, `birthday`, `hometown`, `photo_id`) VALUES (105, 'm', '1984-12-10', '67899 Jacobi Burgs', 5);
INSERT INTO `profiles` (`user_id`, `sex`, `birthday`, `hometown`, `photo_id`) VALUES (106, 'm', '1989-03-16', '0496 Amparo Forges Suite 782', 6);
INSERT INTO `profiles` (`user_id`, `sex`, `birthday`, `hometown`, `photo_id`) VALUES (107, 'f', '2013-05-15', '197 Kariane Spring Suite 556', 7);
INSERT INTO `profiles` (`user_id`, `sex`, `birthday`, `hometown`, `photo_id`) VALUES (108, 'f', '2019-04-15', '720 Helen Loaf', 8);
INSERT INTO `profiles` (`user_id`, `sex`, `birthday`, `hometown`, `photo_id`) VALUES (109, 'm', '1997-06-18', '1921 Katelin Estate Suite 672', 9);
INSERT INTO `profiles` (`user_id`, `sex`, `birthday`, `hometown`, `photo_id`) VALUES (110, 'f', '2000-09-18', '316 Gretchen Mission', 10);
INSERT INTO `profiles` (`user_id`, `sex`, `birthday`, `hometown`, `photo_id`) VALUES (111, 'f', '1981-07-17', '470 Hagenes Branch Suite 136', 11);
INSERT INTO `profiles` (`user_id`, `sex`, `birthday`, `hometown`, `photo_id`) VALUES (112, 'm', '1970-11-08', '449 Cassin Loop Apt. 725', 12);
INSERT INTO `profiles` (`user_id`, `sex`, `birthday`, `hometown`, `photo_id`) VALUES (113, 'm', '1987-10-17', '72465 Carli Knoll Apt. 790', 13);
INSERT INTO `profiles` (`user_id`, `sex`, `birthday`, `hometown`, `photo_id`) VALUES (114, 'f', '2013-12-25', '7424 Mante Spring Apt. 813', 14);
INSERT INTO `profiles` (`user_id`, `sex`, `birthday`, `hometown`, `photo_id`) VALUES (115, 'm', '2006-01-04', '0058 Armstrong Branch', 15);
INSERT INTO `profiles` (`user_id`, `sex`, `birthday`, `hometown`, `photo_id`) VALUES (116, 'f', '2004-03-08', '06642 Bianka Forest', 16);
INSERT INTO `profiles` (`user_id`, `sex`, `birthday`, `hometown`, `photo_id`) VALUES (117, 'm', '2015-02-06', '2944 Parker Oval', 17);
INSERT INTO `profiles` (`user_id`, `sex`, `birthday`, `hometown`, `photo_id`) VALUES (118, 'f', '1971-10-14', '94841 Wilkinson Flat Apt. 229', 18);
INSERT INTO `profiles` (`user_id`, `sex`, `birthday`, `hometown`, `photo_id`) VALUES (119, 'f', '2017-03-08', '339 Quitzon Parkway', 19);
INSERT INTO `profiles` (`user_id`, `sex`, `birthday`, `hometown`, `photo_id`) VALUES (120, 'm', '1988-12-10', '9265 Nicklaus Mountains', 20);
INSERT INTO `profiles` (`user_id`, `sex`, `birthday`, `hometown`, `photo_id`) VALUES (121, 'm', '1986-12-10', '727 Kira Villages', 21);
INSERT INTO `profiles` (`user_id`, `sex`, `birthday`, `hometown`, `photo_id`) VALUES (122, 'f', '1981-10-29', '541 Karina Expressway', 22);
INSERT INTO `profiles` (`user_id`, `sex`, `birthday`, `hometown`, `photo_id`) VALUES (123, 'm', '2000-10-02', '6591 Langosh Ways Apt. 535', 23);
INSERT INTO `profiles` (`user_id`, `sex`, `birthday`, `hometown`, `photo_id`) VALUES (124, 'm', '1981-05-15', '54637 Heathcote Landing Apt. 281', 24);
INSERT INTO `profiles` (`user_id`, `sex`, `birthday`, `hometown`, `photo_id`) VALUES (125, 'm', '2007-09-21', '528 Abernathy Crossroad', 25);
INSERT INTO `profiles` (`user_id`, `sex`, `birthday`, `hometown`, `photo_id`) VALUES (126, 'f', '1984-02-25', '7320 Blick Avenue', 26);
INSERT INTO `profiles` (`user_id`, `sex`, `birthday`, `hometown`, `photo_id`) VALUES (127, 'f', '2011-03-01', '59478 Clyde Terrace Suite 910', 27);
INSERT INTO `profiles` (`user_id`, `sex`, `birthday`, `hometown`, `photo_id`) VALUES (128, 'm', '2006-12-27', '2631 Abernathy Path Apt. 496', 28);
INSERT INTO `profiles` (`user_id`, `sex`, `birthday`, `hometown`, `photo_id`) VALUES (129, 'f', '1975-03-31', '2500 Gussie Pine', 29);
INSERT INTO `profiles` (`user_id`, `sex`, `birthday`, `hometown`, `photo_id`) VALUES (130, 'f', '2001-09-02', '385 Lane Summit Apt. 323', 30);
INSERT INTO `profiles` (`user_id`, `sex`, `birthday`, `hometown`, `photo_id`) VALUES (131, 'f', '1995-08-10', '995 Taylor Light Apt. 056', 31);
INSERT INTO `profiles` (`user_id`, `sex`, `birthday`, `hometown`, `photo_id`) VALUES (132, 'f', '1996-12-17', '64388 Walter Ramp', 32);
INSERT INTO `profiles` (`user_id`, `sex`, `birthday`, `hometown`, `photo_id`) VALUES (133, 'f', '1983-07-03', '5293 Tyshawn Oval', 33);
INSERT INTO `profiles` (`user_id`, `sex`, `birthday`, `hometown`, `photo_id`) VALUES (134, 'm', '1979-05-09', '44031 Lucienne Parks', 34);
INSERT INTO `profiles` (`user_id`, `sex`, `birthday`, `hometown`, `photo_id`) VALUES (135, 'm', '2007-09-28', '792 Murazik Mews', 35);
INSERT INTO `profiles` (`user_id`, `sex`, `birthday`, `hometown`, `photo_id`) VALUES (136, 'f', '2001-07-11', '15470 Aisha Knoll', 36);
INSERT INTO `profiles` (`user_id`, `sex`, `birthday`, `hometown`, `photo_id`) VALUES (137, 'f', '1979-02-06', '4779 Kenny Parks Apt. 562', 37);
INSERT INTO `profiles` (`user_id`, `sex`, `birthday`, `hometown`, `photo_id`) VALUES (138, 'm', '1986-07-14', '9207 Lind Fall', 38);
INSERT INTO `profiles` (`user_id`, `sex`, `birthday`, `hometown`, `photo_id`) VALUES (139, 'f', '1990-06-04', '6763 Noel Path Apt. 994', 39);
INSERT INTO `profiles` (`user_id`, `sex`, `birthday`, `hometown`, `photo_id`) VALUES (140, 'm', '1970-04-26', '223 Konopelski Street Apt. 259', 40);
INSERT INTO `profiles` (`user_id`, `sex`, `birthday`, `hometown`, `photo_id`) VALUES (141, 'm', '1985-12-01', '997 Jana Crossing Apt. 367', 41);
INSERT INTO `profiles` (`user_id`, `sex`, `birthday`, `hometown`, `photo_id`) VALUES (142, 'm', '2014-03-08', '038 Hermiston Vista', 42);
INSERT INTO `profiles` (`user_id`, `sex`, `birthday`, `hometown`, `photo_id`) VALUES (143, 'f', '2012-09-09', '85356 Pfannerstill Lodge', 43);
INSERT INTO `profiles` (`user_id`, `sex`, `birthday`, `hometown`, `photo_id`) VALUES (144, 'm', '2018-03-23', '53872 Rippin Mission', 44);
INSERT INTO `profiles` (`user_id`, `sex`, `birthday`, `hometown`, `photo_id`) VALUES (145, 'm', '2011-03-31', '36593 Izabella Shores Suite 774', 45);
INSERT INTO `profiles` (`user_id`, `sex`, `birthday`, `hometown`, `photo_id`) VALUES (146, 'm', '1998-02-28', '232 Jacinthe Ferry', 46);
INSERT INTO `profiles` (`user_id`, `sex`, `birthday`, `hometown`, `photo_id`) VALUES (147, 'm', '1996-02-24', '492 Douglas Road Suite 988', 47);
INSERT INTO `profiles` (`user_id`, `sex`, `birthday`, `hometown`, `photo_id`) VALUES (148, 'f', '2013-05-13', '1337 Ullrich Springs', 48);
INSERT INTO `profiles` (`user_id`, `sex`, `birthday`, `hometown`, `photo_id`) VALUES (149, 'm', '1983-11-17', '384 Haleigh Trafficway', 49);
INSERT INTO `profiles` (`user_id`, `sex`, `birthday`, `hometown`, `photo_id`) VALUES (150, 'f', '1974-09-10', '805 McCullough Lodge Suite 033', 50);


#
# TABLE STRUCTURE FOR: users
#

DROP TABLE IF EXISTS `users`;

CREATE TABLE `users` (
  `id` int(10) unsigned NOT NULL AUTO_INCREMENT,
  `firstname` varchar(100) COLLATE utf8_unicode_ci NOT NULL,
  `lastname` varchar(100) COLLATE utf8_unicode_ci NOT NULL,
  `email` varchar(120) COLLATE utf8_unicode_ci NOT NULL,
  `phone` varchar(120) COLLATE utf8_unicode_ci NOT NULL,
  `created_at` datetime DEFAULT current_timestamp(),
  `updated_at` datetime DEFAULT current_timestamp() ON UPDATE current_timestamp(),
  PRIMARY KEY (`id`),
  UNIQUE KEY `email` (`email`),
  UNIQUE KEY `phone` (`phone`)
) ENGINE=InnoDB AUTO_INCREMENT=151 DEFAULT CHARSET=utf8 COLLATE=utf8_unicode_ci;

INSERT INTO `users` (`id`, `firstname`, `lastname`, `email`, `phone`, `created_at`, `updated_at`) VALUES (1, 'Brody', 'Carter', 'cwelch@example.com', '391.685.9955x8722', '2007-05-03 08:32:46', '1996-02-03 00:15:52');
INSERT INTO `users` (`id`, `firstname`, `lastname`, `email`, `phone`, `created_at`, `updated_at`) VALUES (2, 'Eva', 'Lakin', 'greg.kuvalis@example.org', '1-992-238-9147x0623', '1974-07-20 05:32:49', '2009-03-12 21:07:19');
INSERT INTO `users` (`id`, `firstname`, `lastname`, `email`, `phone`, `created_at`, `updated_at`) VALUES (3, 'Estelle', 'Hahn', 'ilene.leffler@example.net', '+08(1)8518135241', '2011-07-24 20:10:56', '2002-07-12 01:28:45');
INSERT INTO `users` (`id`, `firstname`, `lastname`, `email`, `phone`, `created_at`, `updated_at`) VALUES (4, 'Eula', 'Eichmann', 'o\'hara.kenna@example.com', '1-539-444-0542', '2007-10-18 23:50:53', '1970-09-22 20:12:12');
INSERT INTO `users` (`id`, `firstname`, `lastname`, `email`, `phone`, `created_at`, `updated_at`) VALUES (5, 'Daphne', 'Marquardt', 'rlarson@example.org', '1-284-753-9481x50353', '1981-04-23 00:46:16', '1981-06-29 00:50:01');
INSERT INTO `users` (`id`, `firstname`, `lastname`, `email`, `phone`, `created_at`, `updated_at`) VALUES (6, 'Gardner', 'Langosh', 'tess53@example.org', '(700)624-2904x893', '1983-11-25 19:56:22', '2002-12-05 06:29:34');
INSERT INTO `users` (`id`, `firstname`, `lastname`, `email`, `phone`, `created_at`, `updated_at`) VALUES (7, 'Candelario', 'D\'Amore', 'gunnar.jones@example.org', '(204)806-5299x925', '1975-04-24 15:53:13', '1981-01-05 16:20:19');
INSERT INTO `users` (`id`, `firstname`, `lastname`, `email`, `phone`, `created_at`, `updated_at`) VALUES (8, 'Adan', 'Zieme', 'iprice@example.org', '066-641-9339x3676', '1984-07-22 16:10:24', '2000-08-03 06:17:01');
INSERT INTO `users` (`id`, `firstname`, `lastname`, `email`, `phone`, `created_at`, `updated_at`) VALUES (9, 'Stella', 'Ortiz', 'ksatterfield@example.net', '1-269-205-2646', '1973-10-05 23:17:48', '1972-07-23 03:49:09');
INSERT INTO `users` (`id`, `firstname`, `lastname`, `email`, `phone`, `created_at`, `updated_at`) VALUES (10, 'Era', 'Armstrong', 'omarvin@example.net', '+47(0)2161130859', '1980-03-05 15:27:43', '1970-07-18 05:58:21');
INSERT INTO `users` (`id`, `firstname`, `lastname`, `email`, `phone`, `created_at`, `updated_at`) VALUES (11, 'Lon', 'Steuber', 'mkihn@example.com', '(833)677-3687', '1996-07-15 09:07:20', '1972-10-29 04:49:11');
INSERT INTO `users` (`id`, `firstname`, `lastname`, `email`, `phone`, `created_at`, `updated_at`) VALUES (12, 'Karen', 'Brekke', 'clangworth@example.net', '1-902-208-2572x44721', '1976-08-27 16:15:23', '1987-11-27 20:24:32');
INSERT INTO `users` (`id`, `firstname`, `lastname`, `email`, `phone`, `created_at`, `updated_at`) VALUES (13, 'Coty', 'Okuneva', 'xo\'kon@example.net', '1-729-083-6612x504', '2016-03-26 08:56:27', '2009-01-16 07:06:33');
INSERT INTO `users` (`id`, `firstname`, `lastname`, `email`, `phone`, `created_at`, `updated_at`) VALUES (14, 'Melody', 'Schmidt', 'kieran.strosin@example.org', '1-054-707-8273x164', '2003-08-07 06:56:36', '1993-05-04 01:51:07');
INSERT INTO `users` (`id`, `firstname`, `lastname`, `email`, `phone`, `created_at`, `updated_at`) VALUES (15, 'Sylvia', 'Gerlach', 'eleonore.ryan@example.net', '678-168-9538', '2015-03-24 00:23:02', '1993-04-28 19:43:59');
INSERT INTO `users` (`id`, `firstname`, `lastname`, `email`, `phone`, `created_at`, `updated_at`) VALUES (16, 'Abbey', 'Bergnaum', 'sauer@example.com', '655.879.1639x7403', '2004-03-11 20:58:23', '1981-05-26 00:28:44');
INSERT INTO `users` (`id`, `firstname`, `lastname`, `email`, `phone`, `created_at`, `updated_at`) VALUES (17, 'Dora', 'Buckridge', 'ktremblay@example.com', '02587438950', '1999-06-16 17:10:18', '2012-05-17 21:50:53');
INSERT INTO `users` (`id`, `firstname`, `lastname`, `email`, `phone`, `created_at`, `updated_at`) VALUES (18, 'Lucious', 'Trantow', 'blick.chadrick@example.com', '790-574-6464x69976', '2014-01-18 13:36:13', '2002-01-31 05:27:01');
INSERT INTO `users` (`id`, `firstname`, `lastname`, `email`, `phone`, `created_at`, `updated_at`) VALUES (19, 'Hester', 'Hermann', 'haley.garnett@example.org', '214-361-9354', '1970-02-07 14:13:16', '2008-07-23 10:09:20');
INSERT INTO `users` (`id`, `firstname`, `lastname`, `email`, `phone`, `created_at`, `updated_at`) VALUES (20, 'Korbin', 'Douglas', 'april.berge@example.net', '670-738-8121', '2007-10-07 06:04:41', '2010-01-18 19:57:15');
INSERT INTO `users` (`id`, `firstname`, `lastname`, `email`, `phone`, `created_at`, `updated_at`) VALUES (21, 'Lavon', 'Christiansen', 'alvena10@example.net', '562-813-3835x17186', '2016-01-21 04:01:06', '2007-05-26 12:32:26');
INSERT INTO `users` (`id`, `firstname`, `lastname`, `email`, `phone`, `created_at`, `updated_at`) VALUES (22, 'Kylie', 'Harvey', 'elaina.kerluke@example.com', '601.877.0570', '1988-01-27 09:15:35', '1972-03-21 21:38:09');
INSERT INTO `users` (`id`, `firstname`, `lastname`, `email`, `phone`, `created_at`, `updated_at`) VALUES (23, 'Francesco', 'Morissette', 'fannie33@example.com', '+08(4)9181670580', '1989-05-03 14:43:12', '1994-09-16 00:58:47');
INSERT INTO `users` (`id`, `firstname`, `lastname`, `email`, `phone`, `created_at`, `updated_at`) VALUES (24, 'Lauretta', 'Dietrich', 'qstamm@example.org', '1-653-165-0933', '2016-09-20 10:04:14', '1990-04-05 17:47:10');
INSERT INTO `users` (`id`, `firstname`, `lastname`, `email`, `phone`, `created_at`, `updated_at`) VALUES (25, 'Junior', 'Johnston', 'baumbach.antonette@example.net', '+61(9)2736050505', '1997-06-10 01:13:14', '1973-10-31 18:26:22');
INSERT INTO `users` (`id`, `firstname`, `lastname`, `email`, `phone`, `created_at`, `updated_at`) VALUES (26, 'Gwen', 'Leuschke', 'slabadie@example.net', '08533455685', '1982-11-29 14:21:31', '1992-07-14 18:48:27');
INSERT INTO `users` (`id`, `firstname`, `lastname`, `email`, `phone`, `created_at`, `updated_at`) VALUES (27, 'Baby', 'Schmitt', 'tjenkins@example.org', '(424)071-7849', '1970-12-28 14:09:14', '1976-10-07 23:54:31');
INSERT INTO `users` (`id`, `firstname`, `lastname`, `email`, `phone`, `created_at`, `updated_at`) VALUES (28, 'Domingo', 'Grimes', 'levi34@example.org', '1-815-578-0570', '2014-03-12 14:55:27', '2003-02-06 16:57:16');
INSERT INTO `users` (`id`, `firstname`, `lastname`, `email`, `phone`, `created_at`, `updated_at`) VALUES (29, 'Cleveland', 'Pfeffer', 'gutmann.jeremie@example.net', '542-914-1303x1516', '1973-03-14 23:05:20', '2002-09-17 13:07:22');
INSERT INTO `users` (`id`, `firstname`, `lastname`, `email`, `phone`, `created_at`, `updated_at`) VALUES (30, 'Letitia', 'Bechtelar', 'karl.harris@example.org', '980.693.3568x0748', '2004-12-17 10:46:24', '2015-01-20 11:01:00');
INSERT INTO `users` (`id`, `firstname`, `lastname`, `email`, `phone`, `created_at`, `updated_at`) VALUES (31, 'Hallie', 'Robel', 'lkuhic@example.com', '175.349.7882', '2003-09-01 06:47:37', '2008-01-01 16:53:33');
INSERT INTO `users` (`id`, `firstname`, `lastname`, `email`, `phone`, `created_at`, `updated_at`) VALUES (32, 'Johathan', 'Waelchi', 'hschumm@example.org', '+83(7)2813475694', '1996-11-28 22:13:57', '2009-02-18 17:21:45');
INSERT INTO `users` (`id`, `firstname`, `lastname`, `email`, `phone`, `created_at`, `updated_at`) VALUES (33, 'Felix', 'Hackett', 'ygoyette@example.org', '065.186.3186x997', '1981-05-08 13:25:52', '1973-07-13 12:26:25');
INSERT INTO `users` (`id`, `firstname`, `lastname`, `email`, `phone`, `created_at`, `updated_at`) VALUES (34, 'Viva', 'Pfannerstill', 'powlowski.zoe@example.org', '410.692.8256x87270', '1985-01-24 14:22:57', '1992-04-06 01:33:27');
INSERT INTO `users` (`id`, `firstname`, `lastname`, `email`, `phone`, `created_at`, `updated_at`) VALUES (35, 'Pink', 'Schuster', 'reymundo13@example.org', '496-204-6041x9622', '1984-07-18 13:51:20', '2018-09-30 20:31:14');
INSERT INTO `users` (`id`, `firstname`, `lastname`, `email`, `phone`, `created_at`, `updated_at`) VALUES (36, 'Ayden', 'Senger', 'rylee69@example.net', '540.829.0396x744', '1988-06-06 20:07:27', '2002-10-25 06:09:16');
INSERT INTO `users` (`id`, `firstname`, `lastname`, `email`, `phone`, `created_at`, `updated_at`) VALUES (37, 'Kailee', 'Abshire', 'kub.rebekah@example.com', '1-816-093-1115x486', '1977-03-08 19:16:58', '2011-06-30 23:06:07');
INSERT INTO `users` (`id`, `firstname`, `lastname`, `email`, `phone`, `created_at`, `updated_at`) VALUES (38, 'Drew', 'Hettinger', 'jamel70@example.org', '+15(0)4310386654', '1994-07-30 08:06:58', '1997-11-22 14:05:30');
INSERT INTO `users` (`id`, `firstname`, `lastname`, `email`, `phone`, `created_at`, `updated_at`) VALUES (39, 'Ladarius', 'Hegmann', 'jamal.tremblay@example.net', '781-214-5238', '1984-12-14 18:08:05', '1997-02-14 00:39:04');
INSERT INTO `users` (`id`, `firstname`, `lastname`, `email`, `phone`, `created_at`, `updated_at`) VALUES (40, 'Cecil', 'Carter', 'wunsch.jayden@example.com', '07467446316', '2004-01-25 15:16:49', '2008-04-14 05:07:43');
INSERT INTO `users` (`id`, `firstname`, `lastname`, `email`, `phone`, `created_at`, `updated_at`) VALUES (41, 'Betsy', 'Feest', 'bdickens@example.com', '014-274-8854x289', '1980-09-11 18:08:24', '1971-09-04 08:26:25');
INSERT INTO `users` (`id`, `firstname`, `lastname`, `email`, `phone`, `created_at`, `updated_at`) VALUES (42, 'Cleora', 'Halvorson', 'frederik35@example.com', '(876)667-9668', '2000-04-14 13:46:08', '2014-09-28 09:44:19');
INSERT INTO `users` (`id`, `firstname`, `lastname`, `email`, `phone`, `created_at`, `updated_at`) VALUES (43, 'Jesus', 'Friesen', 'zechariah.boehm@example.org', '349-645-0243', '2012-09-16 17:22:59', '1984-11-01 20:24:59');
INSERT INTO `users` (`id`, `firstname`, `lastname`, `email`, `phone`, `created_at`, `updated_at`) VALUES (44, 'Chandler', 'Durgan', 'xavier.bradtke@example.net', '01745739374', '2001-12-13 05:20:04', '1993-03-31 02:58:01');
INSERT INTO `users` (`id`, `firstname`, `lastname`, `email`, `phone`, `created_at`, `updated_at`) VALUES (45, 'Abdullah', 'Wiza', 'wmraz@example.org', '384.242.5367x71717', '2003-10-12 09:55:29', '1975-03-18 05:34:54');
INSERT INTO `users` (`id`, `firstname`, `lastname`, `email`, `phone`, `created_at`, `updated_at`) VALUES (46, 'Deonte', 'Macejkovic', 'kmclaughlin@example.org', '132-490-5070x95138', '2011-03-31 18:28:48', '1994-11-27 04:32:10');
INSERT INTO `users` (`id`, `firstname`, `lastname`, `email`, `phone`, `created_at`, `updated_at`) VALUES (47, 'Zion', 'Lesch', 'mylene.runte@example.org', '+64(0)6843911936', '1983-08-18 12:45:02', '2005-02-01 18:06:28');
INSERT INTO `users` (`id`, `firstname`, `lastname`, `email`, `phone`, `created_at`, `updated_at`) VALUES (48, 'Rosendo', 'Adams', 'fwatsica@example.org', '352-741-5166', '2013-09-08 20:26:04', '1998-07-28 22:40:55');
INSERT INTO `users` (`id`, `firstname`, `lastname`, `email`, `phone`, `created_at`, `updated_at`) VALUES (49, 'Juwan', 'Feest', 'dayne98@example.com', '135.339.3578x71318', '1999-06-14 20:20:39', '2019-01-23 00:06:20');
INSERT INTO `users` (`id`, `firstname`, `lastname`, `email`, `phone`, `created_at`, `updated_at`) VALUES (50, 'Demario', 'Goyette', 'arch.walsh@example.net', '(607)119-4994x60353', '2015-03-15 09:14:45', '1974-11-20 23:44:23');
INSERT INTO `users` (`id`, `firstname`, `lastname`, `email`, `phone`, `created_at`, `updated_at`) VALUES (51, 'Isac', 'Schumm', 'sid.schmeler@example.org', '711.504.0698x4514', '2017-01-15 09:05:36', '1999-10-22 03:27:57');
INSERT INTO `users` (`id`, `firstname`, `lastname`, `email`, `phone`, `created_at`, `updated_at`) VALUES (52, 'Marge', 'Cummings', 'ryan.lucious@example.org', '05471465995', '1979-04-11 11:40:39', '2012-12-01 06:11:15');
INSERT INTO `users` (`id`, `firstname`, `lastname`, `email`, `phone`, `created_at`, `updated_at`) VALUES (53, 'Kirstin', 'Wyman', 'petra.ernser@example.com', '1-515-492-3489x94011', '1987-07-30 21:38:26', '1971-02-18 11:40:23');
INSERT INTO `users` (`id`, `firstname`, `lastname`, `email`, `phone`, `created_at`, `updated_at`) VALUES (54, 'Ivy', 'Cartwright', 'priscilla.schmeler@example.org', '1-517-664-8488x14981', '1983-09-05 06:42:08', '2010-04-20 10:24:36');
INSERT INTO `users` (`id`, `firstname`, `lastname`, `email`, `phone`, `created_at`, `updated_at`) VALUES (55, 'Rashad', 'Barrows', 'schulist.jermaine@example.org', '+69(0)1826466952', '1987-12-20 07:47:27', '2011-08-06 15:22:43');
INSERT INTO `users` (`id`, `firstname`, `lastname`, `email`, `phone`, `created_at`, `updated_at`) VALUES (56, 'Kristy', 'Haag', 'jonatan.o\'kon@example.org', '461-579-5449x882', '1983-09-23 10:24:25', '1973-12-04 02:40:40');
INSERT INTO `users` (`id`, `firstname`, `lastname`, `email`, `phone`, `created_at`, `updated_at`) VALUES (57, 'Kacie', 'Christiansen', 'emmalee90@example.org', '(300)445-8458x0931', '2000-09-17 08:47:33', '1996-11-08 15:07:35');
INSERT INTO `users` (`id`, `firstname`, `lastname`, `email`, `phone`, `created_at`, `updated_at`) VALUES (58, 'Corine', 'Osinski', 'bayer.raegan@example.net', '1-376-342-7143x8785', '1977-10-13 09:52:19', '1993-04-01 15:42:49');
INSERT INTO `users` (`id`, `firstname`, `lastname`, `email`, `phone`, `created_at`, `updated_at`) VALUES (59, 'Willie', 'Renner', 'electa.harris@example.org', '1-317-178-5711x08851', '1987-12-27 05:07:41', '2006-12-01 03:58:27');
INSERT INTO `users` (`id`, `firstname`, `lastname`, `email`, `phone`, `created_at`, `updated_at`) VALUES (60, 'Liliane', 'Rowe', 'austen51@example.com', '1-787-273-0015x7818', '1982-11-15 00:50:38', '1980-08-13 09:25:46');
INSERT INTO `users` (`id`, `firstname`, `lastname`, `email`, `phone`, `created_at`, `updated_at`) VALUES (61, 'Ed', 'Fahey', 'elva.hegmann@example.org', '489-726-4437', '2002-10-28 08:26:48', '1984-11-27 07:24:27');
INSERT INTO `users` (`id`, `firstname`, `lastname`, `email`, `phone`, `created_at`, `updated_at`) VALUES (62, 'Cloyd', 'Gutkowski', 'tate47@example.net', '253-136-4730', '1990-03-23 02:13:36', '1980-03-14 19:38:49');
INSERT INTO `users` (`id`, `firstname`, `lastname`, `email`, `phone`, `created_at`, `updated_at`) VALUES (63, 'Carroll', 'Crona', 'uanderson@example.com', '01297564031', '2013-12-28 07:30:30', '2014-07-27 23:05:06');
INSERT INTO `users` (`id`, `firstname`, `lastname`, `email`, `phone`, `created_at`, `updated_at`) VALUES (64, 'Elva', 'VonRueden', 'okohler@example.com', '(885)789-0394x035', '2003-08-29 16:12:17', '1992-01-01 03:11:28');
INSERT INTO `users` (`id`, `firstname`, `lastname`, `email`, `phone`, `created_at`, `updated_at`) VALUES (65, 'Elnora', 'Kulas', 'ankunding.lula@example.net', '877.123.1389', '2013-08-16 19:35:28', '2000-07-07 06:25:23');
INSERT INTO `users` (`id`, `firstname`, `lastname`, `email`, `phone`, `created_at`, `updated_at`) VALUES (66, 'Mateo', 'Casper', 'frank11@example.com', '(380)137-6992', '1991-11-19 09:25:31', '1983-12-15 22:08:44');
INSERT INTO `users` (`id`, `firstname`, `lastname`, `email`, `phone`, `created_at`, `updated_at`) VALUES (67, 'Maureen', 'Ondricka', 'jacques22@example.org', '1-781-798-3821', '1970-07-07 02:58:12', '1974-04-03 12:56:11');
INSERT INTO `users` (`id`, `firstname`, `lastname`, `email`, `phone`, `created_at`, `updated_at`) VALUES (68, 'Eldridge', 'Rohan', 'murray.alysa@example.org', '1-265-818-5141', '2006-06-20 03:05:36', '2011-02-18 01:20:43');
INSERT INTO `users` (`id`, `firstname`, `lastname`, `email`, `phone`, `created_at`, `updated_at`) VALUES (69, 'Alvah', 'Feil', 'sadye.littel@example.org', '046.904.9029x8531', '1971-11-03 17:16:06', '2009-03-14 17:35:21');
INSERT INTO `users` (`id`, `firstname`, `lastname`, `email`, `phone`, `created_at`, `updated_at`) VALUES (70, 'Pearlie', 'Dicki', 'simonis.ana@example.net', '04075246803', '2004-11-06 08:50:43', '1991-08-31 14:11:35');
INSERT INTO `users` (`id`, `firstname`, `lastname`, `email`, `phone`, `created_at`, `updated_at`) VALUES (71, 'Merl', 'Franecki', 'stewart.kreiger@example.org', '(342)158-3804x7277', '1989-07-16 08:09:24', '1986-06-03 17:54:05');
INSERT INTO `users` (`id`, `firstname`, `lastname`, `email`, `phone`, `created_at`, `updated_at`) VALUES (72, 'Maribel', 'Bruen', 'skiles.della@example.com', '04308611492', '1991-03-02 21:14:45', '1999-05-06 12:06:15');
INSERT INTO `users` (`id`, `firstname`, `lastname`, `email`, `phone`, `created_at`, `updated_at`) VALUES (73, 'Joseph', 'VonRueden', 'hector.luettgen@example.net', '834-584-4016', '2014-11-25 16:07:19', '1991-12-25 12:27:05');
INSERT INTO `users` (`id`, `firstname`, `lastname`, `email`, `phone`, `created_at`, `updated_at`) VALUES (74, 'Tressa', 'Bahringer', 'dbauch@example.org', '422.850.8833x6657', '2019-04-29 21:51:49', '2018-05-14 10:54:56');
INSERT INTO `users` (`id`, `firstname`, `lastname`, `email`, `phone`, `created_at`, `updated_at`) VALUES (75, 'Gust', 'McDermott', 'clark10@example.com', '093-543-3005x065', '1972-04-17 06:09:57', '1979-12-03 06:46:55');
INSERT INTO `users` (`id`, `firstname`, `lastname`, `email`, `phone`, `created_at`, `updated_at`) VALUES (76, 'Aric', 'Kessler', 'kaelyn43@example.net', '(940)351-1044x0900', '2012-07-21 21:09:32', '1979-02-06 20:33:52');
INSERT INTO `users` (`id`, `firstname`, `lastname`, `email`, `phone`, `created_at`, `updated_at`) VALUES (77, 'Dawn', 'Haag', 'neoma.reinger@example.com', '706-157-2495x68232', '1999-02-09 14:42:31', '2007-06-22 12:07:45');
INSERT INTO `users` (`id`, `firstname`, `lastname`, `email`, `phone`, `created_at`, `updated_at`) VALUES (78, 'Dovie', 'Littel', 'randi37@example.net', '1-723-225-1850x199', '1993-05-17 10:35:43', '1972-03-24 22:49:01');
INSERT INTO `users` (`id`, `firstname`, `lastname`, `email`, `phone`, `created_at`, `updated_at`) VALUES (79, 'Tatyana', 'Thiel', 'vada.balistreri@example.org', '1-117-237-1117x91627', '2011-03-19 14:21:43', '2010-03-30 03:49:47');
INSERT INTO `users` (`id`, `firstname`, `lastname`, `email`, `phone`, `created_at`, `updated_at`) VALUES (80, 'Julius', 'Wolf', 'ciara.beier@example.com', '(888)033-0361x73541', '1992-12-04 16:28:02', '2010-01-20 21:20:04');
INSERT INTO `users` (`id`, `firstname`, `lastname`, `email`, `phone`, `created_at`, `updated_at`) VALUES (81, 'Luz', 'Walker', 'darrion.emmerich@example.org', '(816)452-5434', '1983-09-14 10:37:45', '2012-05-22 19:59:17');
INSERT INTO `users` (`id`, `firstname`, `lastname`, `email`, `phone`, `created_at`, `updated_at`) VALUES (82, 'Madge', 'Lind', 'murl.will@example.org', '1-052-319-0479x6097', '1996-06-05 13:52:00', '1982-08-18 07:03:07');
INSERT INTO `users` (`id`, `firstname`, `lastname`, `email`, `phone`, `created_at`, `updated_at`) VALUES (83, 'June', 'Cummings', 'mitchell64@example.com', '(703)378-7825', '1995-05-12 20:38:16', '1972-12-05 19:05:34');
INSERT INTO `users` (`id`, `firstname`, `lastname`, `email`, `phone`, `created_at`, `updated_at`) VALUES (84, 'Eladio', 'Smith', 'heathcote.serenity@example.net', '(781)254-9499x45855', '2013-01-30 19:37:40', '2010-06-01 02:04:26');
INSERT INTO `users` (`id`, `firstname`, `lastname`, `email`, `phone`, `created_at`, `updated_at`) VALUES (85, 'Erick', 'Pfeffer', 'efrain.wiza@example.com', '621-067-2571x6420', '1977-05-19 16:13:31', '2006-11-08 10:31:46');
INSERT INTO `users` (`id`, `firstname`, `lastname`, `email`, `phone`, `created_at`, `updated_at`) VALUES (86, 'Zula', 'Hackett', 'inienow@example.org', '1-529-507-6288', '2018-06-06 19:06:22', '2008-11-19 23:11:52');
INSERT INTO `users` (`id`, `firstname`, `lastname`, `email`, `phone`, `created_at`, `updated_at`) VALUES (87, 'Edna', 'Lehner', 'awiza@example.net', '+55(3)3884894619', '1980-05-21 07:48:42', '1978-01-17 11:20:27');
INSERT INTO `users` (`id`, `firstname`, `lastname`, `email`, `phone`, `created_at`, `updated_at`) VALUES (88, 'Edgar', 'Paucek', 'kirsten.keeling@example.com', '066-894-1262x104', '1980-09-29 16:44:38', '1982-01-24 19:47:44');
INSERT INTO `users` (`id`, `firstname`, `lastname`, `email`, `phone`, `created_at`, `updated_at`) VALUES (89, 'Louvenia', 'Reichel', 'grippin@example.net', '(121)677-3877x9937', '2008-01-28 23:13:47', '1989-02-20 01:45:41');
INSERT INTO `users` (`id`, `firstname`, `lastname`, `email`, `phone`, `created_at`, `updated_at`) VALUES (90, 'Dejah', 'Hand', 'verda02@example.com', '356-752-6324', '2003-09-27 21:05:00', '1999-04-08 21:17:09');
INSERT INTO `users` (`id`, `firstname`, `lastname`, `email`, `phone`, `created_at`, `updated_at`) VALUES (91, 'Linnie', 'Ernser', 'desmond58@example.net', '070.908.9340', '2013-03-24 05:21:06', '2016-10-09 05:32:02');
INSERT INTO `users` (`id`, `firstname`, `lastname`, `email`, `phone`, `created_at`, `updated_at`) VALUES (92, 'Albin', 'Feest', 'winston65@example.net', '09337183920', '1999-07-22 04:19:04', '1998-07-22 22:25:56');
INSERT INTO `users` (`id`, `firstname`, `lastname`, `email`, `phone`, `created_at`, `updated_at`) VALUES (93, 'Cristina', 'Hermiston', 'earline84@example.org', '1-661-354-7444x082', '2012-01-11 22:27:56', '1994-06-16 14:43:07');
INSERT INTO `users` (`id`, `firstname`, `lastname`, `email`, `phone`, `created_at`, `updated_at`) VALUES (94, 'Willie', 'Towne', 'crooks.kara@example.net', '1-259-040-5937x61061', '1974-09-20 06:02:05', '2000-08-11 23:38:26');
INSERT INTO `users` (`id`, `firstname`, `lastname`, `email`, `phone`, `created_at`, `updated_at`) VALUES (95, 'Brad', 'Rohan', 'danyka46@example.net', '201-847-6950', '1984-01-09 14:21:18', '2017-02-05 19:17:55');
INSERT INTO `users` (`id`, `firstname`, `lastname`, `email`, `phone`, `created_at`, `updated_at`) VALUES (96, 'Tiara', 'Baumbach', 'clint69@example.net', '149-050-5982', '2000-04-30 16:03:25', '1995-07-06 21:55:53');
INSERT INTO `users` (`id`, `firstname`, `lastname`, `email`, `phone`, `created_at`, `updated_at`) VALUES (97, 'Octavia', 'Kuhic', 'legros.laura@example.com', '+41(4)1018508065', '2005-07-22 00:20:51', '2000-06-07 20:22:05');
INSERT INTO `users` (`id`, `firstname`, `lastname`, `email`, `phone`, `created_at`, `updated_at`) VALUES (98, 'Amira', 'Aufderhar', 'gregg37@example.net', '532-686-9713', '1990-11-29 12:50:42', '2018-01-31 05:46:40');
INSERT INTO `users` (`id`, `firstname`, `lastname`, `email`, `phone`, `created_at`, `updated_at`) VALUES (99, 'Destini', 'Wintheiser', 'cory.abbott@example.com', '1-618-071-4769', '1973-05-29 03:55:59', '1993-12-11 11:44:54');
INSERT INTO `users` (`id`, `firstname`, `lastname`, `email`, `phone`, `created_at`, `updated_at`) VALUES (100, 'Kali', 'Mueller', 'zakary.windler@example.org', '(163)927-7187', '1998-05-24 14:23:56', '1988-01-18 15:38:25');
INSERT INTO `users` (`id`, `firstname`, `lastname`, `email`, `phone`, `created_at`, `updated_at`) VALUES (101, 'Alice', 'Feest', 'hills.warren@example.net', '890.695.3725x1627', '1989-12-26 10:42:40', '1983-02-15 05:58:12');
INSERT INTO `users` (`id`, `firstname`, `lastname`, `email`, `phone`, `created_at`, `updated_at`) VALUES (102, 'Ramon', 'Bernier', 'teagan.mann@example.org', '950-071-1242', '2006-04-02 11:06:41', '1971-04-23 06:39:22');
INSERT INTO `users` (`id`, `firstname`, `lastname`, `email`, `phone`, `created_at`, `updated_at`) VALUES (103, 'Johan', 'Hintz', 'rowland.adams@example.org', '004-246-4572', '2000-07-23 02:17:06', '1976-05-17 09:43:20');
INSERT INTO `users` (`id`, `firstname`, `lastname`, `email`, `phone`, `created_at`, `updated_at`) VALUES (104, 'Santos', 'Dickens', 'imani.leffler@example.org', '1-820-992-8600x64517', '2013-10-02 23:02:42', '2006-04-03 17:00:18');
INSERT INTO `users` (`id`, `firstname`, `lastname`, `email`, `phone`, `created_at`, `updated_at`) VALUES (105, 'Jovan', 'Schinner', 'bcarroll@example.org', '284-489-5724', '2016-10-02 22:48:51', '1988-10-25 06:04:11');
INSERT INTO `users` (`id`, `firstname`, `lastname`, `email`, `phone`, `created_at`, `updated_at`) VALUES (106, 'Keven', 'Hand', 'nikita75@example.com', '177-603-9346x1151', '1992-08-30 17:07:30', '1977-12-19 09:20:20');
INSERT INTO `users` (`id`, `firstname`, `lastname`, `email`, `phone`, `created_at`, `updated_at`) VALUES (107, 'Jaden', 'Murazik', 'dhansen@example.com', '129-290-3778', '1970-07-24 23:57:58', '2004-11-10 02:13:11');
INSERT INTO `users` (`id`, `firstname`, `lastname`, `email`, `phone`, `created_at`, `updated_at`) VALUES (108, 'Jonas', 'Bashirian', 'giovanny.bernhard@example.com', '+34(5)1608588852', '2002-07-27 13:22:02', '1978-05-27 05:47:44');
INSERT INTO `users` (`id`, `firstname`, `lastname`, `email`, `phone`, `created_at`, `updated_at`) VALUES (109, 'Jaqueline', 'Padberg', 'xskiles@example.net', '(162)335-4037', '2000-02-02 19:21:15', '2001-05-26 04:06:10');
INSERT INTO `users` (`id`, `firstname`, `lastname`, `email`, `phone`, `created_at`, `updated_at`) VALUES (110, 'Merle', 'Orn', 'celestine.emard@example.org', '1-250-738-0519', '2015-10-08 10:24:48', '2008-08-07 10:22:17');
INSERT INTO `users` (`id`, `firstname`, `lastname`, `email`, `phone`, `created_at`, `updated_at`) VALUES (111, 'George', 'Schroeder', 'koss.kelvin@example.com', '+97(1)2669097724', '1972-01-17 16:48:08', '1976-10-15 07:08:21');
INSERT INTO `users` (`id`, `firstname`, `lastname`, `email`, `phone`, `created_at`, `updated_at`) VALUES (112, 'Geraldine', 'Herzog', 'charity09@example.net', '+69(5)1394497581', '1991-10-15 04:42:28', '1988-10-20 10:12:55');
INSERT INTO `users` (`id`, `firstname`, `lastname`, `email`, `phone`, `created_at`, `updated_at`) VALUES (113, 'Jarrett', 'Altenwerth', 'renner.daphney@example.com', '(381)583-4006x4863', '2004-04-15 14:50:18', '1995-06-14 00:32:58');
INSERT INTO `users` (`id`, `firstname`, `lastname`, `email`, `phone`, `created_at`, `updated_at`) VALUES (114, 'Jennyfer', 'Romaguera', 'lnikolaus@example.org', '(165)862-5367x320', '1971-05-05 14:31:42', '2004-08-03 12:07:12');
INSERT INTO `users` (`id`, `firstname`, `lastname`, `email`, `phone`, `created_at`, `updated_at`) VALUES (115, 'Chanel', 'Robel', 'cschoen@example.org', '430-728-2083x497', '1992-06-14 21:01:41', '2010-05-21 02:47:58');
INSERT INTO `users` (`id`, `firstname`, `lastname`, `email`, `phone`, `created_at`, `updated_at`) VALUES (116, 'Jaiden', 'Wisoky', 'lhartmann@example.org', '770-714-6579', '1999-01-16 12:12:17', '2006-07-05 11:59:22');
INSERT INTO `users` (`id`, `firstname`, `lastname`, `email`, `phone`, `created_at`, `updated_at`) VALUES (117, 'Bernadine', 'Ledner', 'winston.jakubowski@example.net', '906-967-1877', '1995-12-02 18:00:42', '1971-08-21 04:13:09');
INSERT INTO `users` (`id`, `firstname`, `lastname`, `email`, `phone`, `created_at`, `updated_at`) VALUES (118, 'Ursula', 'Pollich', 'dora.hamill@example.org', '(982)261-6190x8365', '1995-06-25 10:38:39', '1996-07-03 05:23:35');
INSERT INTO `users` (`id`, `firstname`, `lastname`, `email`, `phone`, `created_at`, `updated_at`) VALUES (119, 'Adrian', 'Watsica', 'deckow.tom@example.org', '622-162-7196x3484', '2006-11-21 13:44:35', '2001-09-18 03:40:41');
INSERT INTO `users` (`id`, `firstname`, `lastname`, `email`, `phone`, `created_at`, `updated_at`) VALUES (120, 'Michel', 'Hintz', 'walsh.emilia@example.org', '(913)716-5044x409', '1979-11-28 21:55:40', '1983-08-22 15:59:05');
INSERT INTO `users` (`id`, `firstname`, `lastname`, `email`, `phone`, `created_at`, `updated_at`) VALUES (121, 'Kayley', 'Tillman', 'triston.blanda@example.org', '+39(5)0687763502', '2015-12-19 19:00:58', '1986-05-10 06:04:01');
INSERT INTO `users` (`id`, `firstname`, `lastname`, `email`, `phone`, `created_at`, `updated_at`) VALUES (122, 'Rudolph', 'Dach', 'initzsche@example.com', '1-112-541-8417', '1993-06-15 17:02:39', '1982-04-17 19:56:47');
INSERT INTO `users` (`id`, `firstname`, `lastname`, `email`, `phone`, `created_at`, `updated_at`) VALUES (123, 'Junior', 'Cassin', 'otremblay@example.org', '1-176-218-9449', '1980-01-05 02:58:24', '1988-04-09 15:52:11');
INSERT INTO `users` (`id`, `firstname`, `lastname`, `email`, `phone`, `created_at`, `updated_at`) VALUES (124, 'Candido', 'Barrows', 'sandrine16@example.org', '00803600874', '2004-09-28 07:13:20', '1980-05-22 20:51:40');
INSERT INTO `users` (`id`, `firstname`, `lastname`, `email`, `phone`, `created_at`, `updated_at`) VALUES (125, 'Brandon', 'Cremin', 'slegros@example.com', '720.373.5284x3215', '2013-08-15 02:23:13', '1984-09-20 09:15:31');
INSERT INTO `users` (`id`, `firstname`, `lastname`, `email`, `phone`, `created_at`, `updated_at`) VALUES (126, 'Walton', 'Schimmel', 'maximo.baumbach@example.com', '682.215.0101', '1978-02-25 07:13:54', '1989-06-30 21:39:13');
INSERT INTO `users` (`id`, `firstname`, `lastname`, `email`, `phone`, `created_at`, `updated_at`) VALUES (127, 'Gaylord', 'Jacobi', 'addison05@example.net', '090.169.0224x78342', '2001-12-15 16:59:24', '1992-01-29 18:00:40');
INSERT INTO `users` (`id`, `firstname`, `lastname`, `email`, `phone`, `created_at`, `updated_at`) VALUES (128, 'Malinda', 'Medhurst', 'isabel87@example.org', '(962)560-2787x15143', '2000-01-04 19:45:49', '1993-07-31 14:07:48');
INSERT INTO `users` (`id`, `firstname`, `lastname`, `email`, `phone`, `created_at`, `updated_at`) VALUES (129, 'Madelynn', 'Spencer', 'ebert.mina@example.org', '395.673.7704x62239', '2014-03-20 13:30:10', '1992-05-21 10:13:51');
INSERT INTO `users` (`id`, `firstname`, `lastname`, `email`, `phone`, `created_at`, `updated_at`) VALUES (130, 'Brian', 'Wunsch', 'ymitchell@example.net', '1-101-186-4124', '1984-04-25 11:13:37', '1976-11-03 09:02:13');
INSERT INTO `users` (`id`, `firstname`, `lastname`, `email`, `phone`, `created_at`, `updated_at`) VALUES (131, 'Andy', 'Cremin', 'huel.elijah@example.com', '945-266-6334', '2008-10-01 20:33:11', '2016-01-25 20:03:51');
INSERT INTO `users` (`id`, `firstname`, `lastname`, `email`, `phone`, `created_at`, `updated_at`) VALUES (132, 'Nichole', 'Volkman', 'boberbrunner@example.org', '05984340896', '2007-06-26 13:05:15', '2008-08-13 20:28:13');
INSERT INTO `users` (`id`, `firstname`, `lastname`, `email`, `phone`, `created_at`, `updated_at`) VALUES (133, 'Cole', 'Klocko', 'ernesto.hartmann@example.org', '(909)723-4771x436', '1978-07-21 17:58:49', '2008-11-04 15:57:25');
INSERT INTO `users` (`id`, `firstname`, `lastname`, `email`, `phone`, `created_at`, `updated_at`) VALUES (134, 'Jo', 'Bins', 'kmarvin@example.net', '256-668-7785', '2001-07-23 19:03:37', '1988-04-09 15:52:54');
INSERT INTO `users` (`id`, `firstname`, `lastname`, `email`, `phone`, `created_at`, `updated_at`) VALUES (135, 'Zora', 'Stroman', 'crodriguez@example.org', '02653488048', '1997-10-01 17:04:59', '1979-05-14 00:48:19');
INSERT INTO `users` (`id`, `firstname`, `lastname`, `email`, `phone`, `created_at`, `updated_at`) VALUES (136, 'Gunner', 'Walter', 'clementina.nitzsche@example.org', '452.372.0637x4010', '1970-05-23 18:27:28', '2001-06-21 00:46:13');
INSERT INTO `users` (`id`, `firstname`, `lastname`, `email`, `phone`, `created_at`, `updated_at`) VALUES (137, 'Burdette', 'Mills', 'august.toy@example.com', '1-267-809-6749x1216', '1983-12-15 23:43:20', '2012-05-29 05:57:54');
INSERT INTO `users` (`id`, `firstname`, `lastname`, `email`, `phone`, `created_at`, `updated_at`) VALUES (138, 'William', 'Jaskolski', 'brennan.d\'amore@example.org', '+45(8)5341701347', '2006-01-08 14:41:57', '1979-11-17 15:05:13');
INSERT INTO `users` (`id`, `firstname`, `lastname`, `email`, `phone`, `created_at`, `updated_at`) VALUES (139, 'Laurie', 'Cronin', 'shodkiewicz@example.com', '+06(0)8174127544', '2008-03-17 09:09:47', '2012-06-21 19:23:35');
INSERT INTO `users` (`id`, `firstname`, `lastname`, `email`, `phone`, `created_at`, `updated_at`) VALUES (140, 'Petra', 'Doyle', 'buckridge.flo@example.org', '1-534-279-4193x159', '2007-02-02 03:01:54', '1981-07-10 11:36:54');
INSERT INTO `users` (`id`, `firstname`, `lastname`, `email`, `phone`, `created_at`, `updated_at`) VALUES (141, 'Dustin', 'Mertz', 'jhowe@example.com', '024.506.6049x25084', '1990-06-14 13:43:55', '2012-10-13 11:38:39');
INSERT INTO `users` (`id`, `firstname`, `lastname`, `email`, `phone`, `created_at`, `updated_at`) VALUES (142, 'Ebba', 'Stiedemann', 'mclaughlin.grayson@example.net', '(524)806-8838x9013', '2005-07-29 23:54:14', '1987-02-02 20:24:59');
INSERT INTO `users` (`id`, `firstname`, `lastname`, `email`, `phone`, `created_at`, `updated_at`) VALUES (143, 'Ignacio', 'O\'Hara', 'kailee08@example.net', '267.759.2025', '1971-06-10 11:41:05', '1975-09-11 02:12:29');
INSERT INTO `users` (`id`, `firstname`, `lastname`, `email`, `phone`, `created_at`, `updated_at`) VALUES (144, 'Joseph', 'Spinka', 'ylangosh@example.org', '232-213-7873x075', '1974-11-28 02:35:54', '1979-03-19 04:06:33');
INSERT INTO `users` (`id`, `firstname`, `lastname`, `email`, `phone`, `created_at`, `updated_at`) VALUES (145, 'Misty', 'Von', 'runolfsdottir.fausto@example.net', '(897)440-7905x7277', '1997-04-24 15:57:28', '1995-08-22 20:54:52');
INSERT INTO `users` (`id`, `firstname`, `lastname`, `email`, `phone`, `created_at`, `updated_at`) VALUES (146, 'Dandre', 'Klein', 'khowell@example.com', '+17(0)1519229683', '1993-04-05 06:32:40', '1991-11-16 19:58:35');
INSERT INTO `users` (`id`, `firstname`, `lastname`, `email`, `phone`, `created_at`, `updated_at`) VALUES (147, 'Bryce', 'Kuhic', 'jerde.green@example.net', '1-324-639-6312x69422', '1978-01-20 10:58:01', '2010-10-11 00:39:22');
INSERT INTO `users` (`id`, `firstname`, `lastname`, `email`, `phone`, `created_at`, `updated_at`) VALUES (148, 'Dasia', 'Runte', 'gerald.smitham@example.net', '1-046-397-5595', '1981-07-23 04:37:45', '2009-11-23 11:08:41');
INSERT INTO `users` (`id`, `firstname`, `lastname`, `email`, `phone`, `created_at`, `updated_at`) VALUES (149, 'Lisa', 'Abshire', 'lorna78@example.com', '(851)793-5178', '2008-06-14 03:45:42', '1985-07-06 07:33:58');
INSERT INTO `users` (`id`, `firstname`, `lastname`, `email`, `phone`, `created_at`, `updated_at`) VALUES (150, 'Celestino', 'Satterfield', 'lola15@example.net', '393-122-0723', '1973-08-31 16:30:47', '1976-02-08 21:17:55');


